seed,r
1,0
1,4
1,0.5
1,1
1,0
1,0
1,-0.5
1,-0.5
1,0
1,-1
1,-0.5
1,-0.5
1,0
1,0
1,1
1,-0.5
1,0.5
1,0
1,0
1,0.5
1,0.5
1,-0.5
1,-1.5
1,-1
1,0
1,0
1,0
1,0
1,0
1,1.5
1,0.5
1,-0.5
1,0.5
1,0
1,-1.5
1,-1
1,1
1,-1
1,0
1,0
1,0.5
1,0.5
1,0
1,0
1,0.5
1,0
1,0
1,0
1,0
1,0
1,0
1,0
1,0
1,0
1,0
1,0
1,0
1,0
1,0
1,0
1,0
1,0
1,0
1,0
1,0.5
1,0.5
1,-0.5
1,-1
1,1
1,0
1,0
1,0
1,0.5
1,0
1,0
1,0
1,0
1,0
1,0
1,-0.5
1,0.5
1,-0.5
1,0.5
1,0
1,0
1,-0.5
1,0
1,0.5
1,-0.5
1,0.5
1,-0.5
1,0
1,0.5
1,0
1,0
1,0
1,0
1,0
1,0
1,0
1,0
1,0
1,0
1,0
1,0
1,0
1,-0.5
1,0.5
1,-0.5
1,0.5
1,0
1,0
1,0
1,0
1,-0.5
1,0.5
1,0
1,0
1,0
1,0
1,0
1,0
1,0
1,0
1,-0.5
1,0
1,0.5
1,0
1,0
1,-0.5
1,0
1,0
1,0.5
1,0
1,0
1,0
1,0
1,0
1,0
1,-0.5
1,0.5
1,0
1,0
1,0
1,0
1,0
1,-0.5
1,0
1,0
1,0
1,0
1,0.5
1,0
1,0
1,0
1,0
1,-0.5
1,0.5
1,0
1,0
1,-0.5
1,0.5
1,0
1,0
1,0
1,-0.5
1,0
1,0
1,0
1,0
1,0
1,0.5
1,-0.5
1,0
1,0.5
1,-0.5
1,0.5
1,0
1,0
1,-0.5
1,0.5
1,0
1,0
1,0
1,0
1,0
1,0
1,1
1,0
1,-0.5
1,0.5
1,0
1,0
1,0
1,0
1,0
1,0
1,-0.5
1,0
1,0.5
1,-0.5
1,0
1,0
1,0.5
1,0
1,0
1,0
1,0
1,-0.5
1,0.5
1,0
1,0
1,0
1,0
1,0
1,0
1,0
1,0
1,0
1,0
1,0
1,0
1,0
1,0
1,0
1,0
1,0
1,0
1,0
1,0
1,0
1,-0.5
1,0.5
1,0
1,0
1,-0.5
1,0
1,0
1,0
1,0
1,0
1,0
1,0.5
1,0
1,0
1,0
1,-0.5
1,0.5
1,0
1,0
1,0
1,-0.5
1,0
1,0
1,0
1,0.5
1,0
1,-0.5
1,0.5
1,0
1,0
1,0
1,0
1,-0.5
1,0.5
1,0
1,0
1,0
1,0
1,0
1,0
1,0
1,0
1,0
1,0
1,0
1,0
1,-0.5
1,0
1,0.5
1,0
1,0
1,0
1,0
1,0
1,0
1,0
1,0
2,0.5
2,0
2,0
2,0.5
2,0.5
2,1.5
2,1
2,0
2,0.5
2,0
2,-2.5
2,-2
2,-1
2,0
2,1
2,-1
2,1
2,0
2,2
2,0.5
2,1.5
2,0.5
2,0.5
2,1.5
2,-0.5
2,0
2,-1
2,0.5
2,0
2,1
2,0
2,0
2,-0.5
2,-1
2,0.5
2,0
2,0
2,0
2,0.5
2,0
2,0.5
2,0
2,-0.5
2,-1
2,1
2,0
2,-2
2,0
2,-1
2,1
2,1
2,0.5
2,-0.5
2,1
2,0.5
2,0.5
2,-1
2,1
2,0.5
2,0
2,-0.5
2,0.5
2,0
2,0
2,0
2,0
2,-1
2,0
2,1
2,-0.5
2,-0.5
2,0
2,0
2,-1
2,0
2,0.5
2,0.5
2,0
2,0.5
2,0.5
2,0
2,0
2,-0.5
2,0.5
2,0
2,-0.5
2,0
2,0
2,0.5
2,0
2,0
2,0
2,0
2,0
2,0
2,-0.5
2,0
2,0
2,0
2,0.5
2,0
2,0
2,0
2,0
2,0
2,0
2,0
2,0
2,0
2,0
2,0
2,0
2,0
2,0
2,0
2,-0.5
2,0.5
2,0
2,-0.5
2,0.5
2,0
2,0
2,0
2,0
2,-0.5
2,0
2,0
2,0
2,0
2,0.5
2,0
2,-0.5
2,0
2,0
2,0.5
2,0.5
2,0.5
2,0
2,0
2,0
2,-1.5
2,1
2,0.5
2,0
2,-0.5
2,-1
2,1.5
2,0
2,0
2,0
2,0
2,0
2,0
2,0
2,0
2,0
2,0
2,0
2,0
2,0
2,0
2,0
2,0
2,0
2,-0.5
2,0.5
2,0
2,-0.5
2,0.5
2,-0.5
2,0
2,0.5
2,0
2,-0.5
2,0.5
2,-0.5
2,0.5
2,-0.5
2,0.5
2,0
2,0
2,0
2,0
2,0
2,0
2,0
2,0
2,0
2,-0.5
2,0.5
2,0
2,0
2,-0.5
2,0.5
2,0
2,0
2,0
2,0
2,0
2,-0.5
2,0.5
2,0
2,0
2,0
2,0
2,0
2,0
2,0
2,0
2,0
2,0
2,-0.5
2,0
2,0
2,0
2,0
2,0
2,0
2,0.5
2,-0.5
2,0
2,0.5
2,0
2,0
2,0
2,0
2,-0.5
2,0.5
2,-0.5
2,0
2,0
2,0.5
2,0
2,0
2,0
2,0
2,0
2,0
2,0
2,-0.5
2,0
2,0
2,0.5
2,-0.5
2,0
2,0
2,0.5
2,0
2,0
2,0
2,0
2,-0.5
2,0
2,0.5
2,-0.5
2,0
2,0
2,0
2,0
2,0.5
2,0
2,0
2,-0.5
2,0.5
2,-0.5
2,0
2,0.5
2,0
2,0
2,0
2,0
2,0
2,0
2,-0.5
2,0.5
2,0
2,0
2,0
2,0
2,-0.5
2,0.5
2,0
2,-0.5
2,0.5
2,0
2,0
2,0
2,0
3,-1.5
3,1.5
3,0
3,0
3,-0.5
3,1.5
3,-0.5
3,0.5
3,0
3,1
3,-0.5
3,0.5
3,-0.5
3,-1
3,0
3,0.5
3,0
3,0
3,0
3,1
3,0
3,0
3,0
3,0
3,-0.5
3,-1
3,0
3,-1
3,-1
3,0
3,0
3,1.5
3,-0.5
3,0
3,0
3,0.5
3,0
3,0
3,0
3,0
3,0
3,-0.5
3,-1
3,0
3,0
3,2
3,0
3,0.5
3,0
3,0
3,0
3,0
3,0
3,0
3,0
3,0
3,0
3,0
3,0.5
3,0.5
3,0
3,0.5
3,0
3,0.5
3,-0.5
3,0
3,0
3,0.5
3,0
3,-0.5
3,1.5
3,0
3,-0.5
3,0
3,0.5
3,0
3,0
3,0
3,0
3,0
3,0
3,0
3,0
3,0
3,0
3,0
3,0
3,-0.5
3,0.5
3,0
3,-0.5
3,-1
3,1
3,0
3,0.5
3,0
3,0
3,0
3,0
3,0
3,0
3,0
3,0
3,-0.5
3,0
3,-0.5
3,-2
3,3
3,-3
3,0
3,1
3,-1.5
3,0.5
3,0
3,-0.5
3,0.5
3,-0.5
3,0
3,0.5
3,-0.5
3,0.5
3,0
3,0
3,0
3,0
3,0
3,0
3,0
3,0
3,0
3,0
3,0
3,0
3,0
3,0
3,0
3,0
3,1
3,-0.5
3,0.5
3,-0.5
3,0.5
3,0
3,0
3,0
3,0
3,0
3,0
3,0
3,0
3,0
3,-0.5
3,0.5
3,0
3,0
3,0
3,0
3,0
3,0
3,0
3,0
3,0
3,0
3,0
3,-0.5
3,0
3,0
3,0
3,0
3,0.5
3,-0.5
3,0.5
3,-0.5
3,0.5
3,0
3,0
3,0
3,0
3,0
3,0
3,0
3,0
3,0
3,0.5
3,0
3,0.5
3,0
3,0
3,0
3,0
3,0
3,0
3,0
3,-0.5
3,0.5
3,0
3,0
3,0
3,0
3,-0.5
3,0
3,0
3,0
3,0.5
3,0
3,0
3,0
3,0
3,0
3,0
3,-0.5
3,0.5
3,0
3,-0.5
3,0.5
3,0
3,0
3,0
3,0
3,0
3,0
3,-0.5
3,0.5
3,0
3,0
3,0
3,0
3,0
3,0
3,0
3,0
3,0
3,0
3,0
3,0
3,0
3,0
3,0
3,-0.5
3,0
3,0
3,0
3,0
3,0
3,0
3,0
3,0.5
3,-0.5
3,0
3,0.5
3,-0.5
3,0
3,0
3,0
3,0.5
3,0
3,0
3,0
3,0
3,0
3,0
3,0
3,0
3,0
3,0
3,0
3,0
3,0
3,0
3,0
3,-0.5
3,0.5
3,-0.5
3,0
3,0
3,0.5
3,-0.5
3,0.5
3,0
3,0
3,0
3,0
3,0
3,0
3,-0.5
3,0.5
3,-0.5
3,0
4,-1
4,-1
4,0
4,1
4,1
4,0
4,0.5
4,0
4,0
4,-0.5
4,-1
4,0
4,0.5
4,-0.5
4,0
4,0.5
4,-1.5
4,-1
4,0
4,0
4,0
4,1
4,-1.5
4,0
4,0.5
4,0
4,1
4,0
4,0.5
4,-0.5
4,0
4,0.5
4,-0.5
4,0.5
4,-0.5
4,0.5
4,-0.5
4,0.5
4,0.5
4,0.5
4,0.5
4,0.5
4,0
4,0
4,0
4,0.5
4,0.5
4,-1
4,-0.5
4,-2
4,-1.5
4,0.5
4,0
4,0
4,0
4,1
4,0.5
4,-1.5
4,1.5
4,0
4,0
4,0
4,-0.5
4,0.5
4,-0.5
4,0
4,0
4,0
4,0.5
4,-1
4,-0.5
4,0
4,0
4,1.5
4,0
4,0
4,-0.5
4,0.5
4,0
4,-0.5
4,1.5
4,-1
4,-0.5
4,0
4,0
4,1.5
4,0
4,0
4,0
4,-0.5
4,0
4,0.5
4,0
4,0
4,0
4,0
4,-1.5
4,1.5
4,0
4,0
4,0
4,0
4,0
4,-0.5
4,0
4,0
4,0.5
4,0
4,0
4,0
4,0
4,0
4,0
4,0
4,0
4,0
4,0
4,0
4,0
4,-0.5
4,0
4,0.5
4,-0.5
4,0
4,0.5
4,0
4,0
4,0
4,-0.5
4,0
4,0.5
4,0
4,-0.5
4,0.5
4,0
4,0
4,0
4,0
4,-0.5
4,0
4,0.5
4,-0.5
4,0
4,0
4,0.5
4,0
4,0
4,0
4,0
4,0
4,0
4,-0.5
4,0.5
4,0
4,0
4,0
4,0
4,-0.5
4,0
4,0.5
4,-0.5
4,0.5
4,0
4,0
4,0
4,0
4,0
4,-0.5
4,0
4,0.5
4,0
4,0
4,0
4,-0.5
4,0.5
4,0
4,0
4,0
4,0
4,0
4,0
4,0
4,0
4,0
4,-0.5
4,0
4,0
4,0.5
4,0
4,-0.5
4,0
4,0.5
4,-0.5
4,0
4,0
4,0.5
4,-0.5
4,0.5
4,-0.5
4,0.5
4,0
4,-0.5
4,0
4,0.5
4,0
4,-0.5
4,0.5
4,-0.5
4,0
4,0
4,0
4,0.5
4,0
4,0
4,-0.5
4,0
4,0
4,0.5
4,0
4,0
4,0
4,0
4,0
4,0
4,0
4,0
4,0
4,0
4,0
4,0
4,0
4,-0.5
4,0.5
4,0
4,0.5
4,0
4,0.5
4,0
4,-0.5
4,0
4,0
4,0
4,0.5
4,0
4,0
4,0
4,0
4,0
4,0
4,-0.5
4,0
4,0
4,0.5
4,-0.5
4,0
4,0
4,0.5
4,0
4,0
4,0
4,0
4,0
4,0
4,0
4,0
4,0
4,0
4,0
4,-0.5
4,0.5
4,0
4,0
4,0
4,-0.5
4,0
4,0.5
4,0
4,0
4,-0.5
4,0.5
4,-0.5
4,0.5
4,-0.5
4,0.5
4,0
4,0
4,0
4,0
5,-1
5,-2
5,-0.5
5,-1.5
5,0.5
5,0
5,-0.5
5,-0.5
5,0
5,0
5,0
5,1
5,0
5,0
5,0
5,0
5,0
5,0
5,-0.5
5,0
5,0.5
5,0
5,-0.5
5,0
5,0
5,0
5,0
5,0.5
5,0
5,-0.5
5,0
5,0
5,0
5,0
5,0.5
5,0
5,-0.5
5,0
5,0.5
5,0
5,0
5,0
5,0
5,0
5,0
5,0
5,1
5,0
5,-0.5
5,0.5
5,-0.5
5,0.5
5,-0.5
5,0.5
5,-0.5
5,0.5
5,0
5,0
5,-0.5
5,0
5,0.5
5,0
5,-0.5
5,0
5,0.5
5,0
5,0
5,0
5,0
5,-0.5
5,0.5
5,-0.5
5,0.5
5,0
5,0
5,-0.5
5,0
5,0
5,0
5,0
5,0
5,0.5
5,0
5,0
5,-0.5
5,0.5
5,0
5,-0.5
5,0
5,0
5,0.5
5,0
5,0
5,0
5,0
5,0
5,0
5,0
5,0
5,0
5,-0.5
5,0.5
5,1
5,0
5,0
5,0
5,0
5,0
5,0.5
5,0
5,0
5,0
5,0
5,0.5
5,0
5,0
5,0
5,0
5,-0.5
5,-1
5,0.5
5,-0.5
5,-1
5,0
5,-0.5
5,0.5
5,0
5,0.5
5,-0.5
5,-1
5,0
5,0.5
5,-0.5
5,0
5,0
5,1
5,0.5
5,-0.5
5,0.5
5,-1.5
5,1
5,0.5
5,0
5,0
5,0.5
5,0.5
5,0
5,0
5,-0.5
5,0.5
5,-0.5
5,-1
5,1
5,0.5
5,0
5,0
5,0
5,0
5,0
5,0
5,0
5,0
5,0
5,0
5,0
5,0
5,0
5,0
5,0
5,0
5,0
5,0
5,0
5,0
5,0
5,0
5,0
5,0
5,0
5,0
5,0
5,-0.5
5,0.5
5,0
5,0
5,0
5,1
5,0
5,0
5,-0.5
5,0.5
5,0
5,0
5,-0.5
5,0.5
5,0
5,0
5,-0.5
5,0.5
5,0
5,0
5,0
5,0
5,-0.5
5,0.5
5,0
5,0
5,0
5,0
5,0
5,0
5,0
5,0
5,0
5,0
5,0
5,0
5,0
5,0
5,0
5,0
5,0
5,0
5,0
5,-0.5
5,0.5
5,0
5,0
5,0
5,0
5,0
5,0
5,-0.5
5,0.5
5,-0.5
5,0.5
5,-0.5
5,0.5
5,0
5,0
5,0
5,-0.5
5,0.5
5,0
5,0
5,0
5,-0.5
5,0
5,0
5,0.5
5,0
5,-0.5
5,0
5,0
5,0.5
5,0
5,-0.5
5,0.5
5,0
5,0
5,0
5,0
5,0
5,0
5,0
5,0
5,0
5,0
5,0
5,0
5,0
5,0
5,-0.5
5,0
5,0
5,0
5,0.5
5,0
5,0
5,-0.5
5,0.5
5,0
5,0
5,0
5,0
5,0
5,0
5,0
6,0
6,0
6,0
6,-1.5
6,0
6,1
6,0
6,1.5
6,0
6,0
6,1
6,0
6,0
6,1.5
6,0.5
6,-0.5
6,-0.5
6,0
6,0
6,0
6,0
6,-0.5
6,0
6,0.5
6,0
6,-0.5
6,0.5
6,0
6,0
6,-0.5
6,0.5
6,-0.5
6,0.5
6,0
6,0
6,0
6,0
6,-0.5
6,1
6,0.5
6,0
6,0
6,0
6,0
6,0
6,0
6,0
6,0
6,0
6,0
6,0
6,0
6,-0.5
6,0.5
6,0
6,0
6,0
6,0
6,0
6,0
6,0
6,0
6,0
6,0
6,0
6,0
6,0
6,0
6,0
6,0
6,0
6,0
6,0
6,0
6,0
6,0
6,-0.5
6,0.5
6,0
6,-0.5
6,0
6,0
6,0
6,0.5
6,-0.5
6,0.5
6,0
6,0.5
6,0.5
6,-0.5
6,-1
6,1
6,-1.5
6,0.5
6,0
6,0
6,0
6,1
6,0.5
6,-0.5
6,-1
6,0
6,0.5
6,-0.5
6,0
6,0.5
6,0
6,0.5
6,-1
6,0.5
6,-0.5
6,-1
6,0
6,0.5
6,1.5
6,-1.5
6,-1
6,0
6,2.5
6,0.5
6,-0.5
6,0
6,0.5
6,0
6,0
6,-0.5
6,0.5
6,0
6,0
6,0
6,0
6,0
6,0
6,0
6,0
6,0
6,0
6,0
6,-0.5
6,0.5
6,-0.5
6,0.5
6,-0.5
6,0.5
6,0
6,0
6,0
6,-0.5
6,-1
6,1
6,-1
6,1
6,1
6,0
6,-1
6,1
6,-1
6,1
6,-1
6,1.5
6,-1
6,-0.5
6,1
6,0
6,0
6,0.5
6,0
6,0
6,0
6,-0.5
6,0
6,0.5
6,0
6,-0.5
6,0
6,-1
6,0
6,-1
6,-0.5
6,0.5
6,0
6,0
6,-1
6,0
6,0
6,-0.5
6,1
6,0.5
6,0.5
6,0
6,0
6,0
6,0
6,0
6,0
6,0
6,0
6,0
6,-0.5
6,0
6,0
6,0
6,1.5
6,0
6,0
6,0
6,-0.5
6,0
6,-1
6,0.5
6,0
6,0
6,0
6,-0.5
6,1
6,0.5
6,-0.5
6,0
6,0.5
6,-0.5
6,0
6,0.5
6,0
6,0
6,0
6,-0.5
6,0
6,0
6,0.5
6,0
6,-0.5
6,0
6,0.5
6,0
6,0
6,0
6,0
6,0
6,0
6,0
6,0
6,0
6,-0.5
6,0.5
6,-0.5
6,0
6,0.5
6,1
6,0
6,0
6,0
6,0
6,0
6,0
6,0
6,0
6,0
6,0
6,0
6,0
6,-0.5
6,0
6,0.5
6,0
6,-0.5
6,0
6,0.5
6,0
6,0
6,0
6,-0.5
6,0.5
6,0
6,0
6,0
6,0
6,0
6,-0.5
6,0
6,0
6,0.5
6,0
6,-0.5
6,0
6,0
6,0
6,0.5
6,0
7,0
7,0
7,0.5
7,0.5
7,1.5
7,0
7,1.5
7,2
7,0.5
7,2
7,0.5
7,2
7,2
7,0.5
7,0
7,0
7,-0.5
7,1.5
7,0
7,0
7,-0.5
7,1.5
7,1
7,-0.5
7,0
7,0.5
7,-0.5
7,0.5
7,-0.5
7,0
7,0.5
7,-0.5
7,0.5
7,-0.5
7,-1
7,0.5
7,0
7,-0.5
7,0
7,0
7,0.5
7,0
7,0
7,-0.5
7,0.5
7,0.5
7,0.5
7,0
7,0
7,0
7,0
7,0
7,-0.5
7,0.5
7,0
7,0
7,-0.5
7,0
7,0.5
7,-0.5
7,0.5
7,0
7,0
7,0
7,0
7,-0.5
7,0
7,0.5
7,0
7,0
7,0
7,0
7,0
7,0
7,0
7,0
7,1
7,0
7,-1.5
7,0.5
7,0.5
7,0.5
7,0
7,0
7,0
7,0
7,0
7,0
7,0
7,-0.5
7,0.5
7,0
7,0
7,0
7,0
7,0
7,0
7,0
7,0
7,0
7,-0.5
7,0
7,0.5
7,0
7,0
7,0
7,0
7,0
7,0
7,0
7,0
7,-0.5
7,0
7,0
7,0
7,0
7,0
7,0.5
7,0
7,0
7,-0.5
7,0.5
7,-0.5
7,0.5
7,0
7,0
7,0
7,0
7,-0.5
7,0.5
7,0
7,0
7,0
7,0
7,0
7,0
7,0
7,0
7,0
7,0
7,0
7,-0.5
7,0.5
7,0
7,0
7,-0.5
7,0
7,0
7,0.5
7,0
7,0
7,0
7,0
7,0
7,0
7,0
7,0
7,0
7,0
7,0
7,0
7,0
7,0
7,0
7,0
7,0
7,0
7,-0.5
7,0.5
7,0
7,0
7,0
7,0
7,-0.5
7,0.5
7,-0.5
7,0.5
7,-0.5
7,0.5
7,0
7,0
7,0
7,0
7,-0.5
7,0.5
7,0
7,0
7,0
7,0
7,0
7,0
7,0
7,0
7,0
7,0
7,0
7,0
7,0
7,1
7,0
7,0
7,0
7,0
7,0
7,0
7,0
7,0
7,0
7,0
7,0
7,0
7,-0.5
7,0
7,0.5
7,0
7,0
7,0
7,0
7,0
7,-0.5
7,0.5
7,0
7,-0.5
7,0.5
7,0
7,0
7,0
7,0
7,0
7,-0.5
7,0.5
7,0
7,-0.5
7,0
7,0.5
7,0
7,-0.5
7,0
7,0.5
7,-0.5
7,0.5
7,0
7,0
7,0
7,0
7,0
7,0
7,-0.5
7,0
7,0.5
7,0
7,0
7,0
7,0
7,0
7,0
7,0
7,0
7,-0.5
7,0.5
7,0
7,-0.5
7,0.5
7,0
7,-0.5
7,0.5
7,-0.5
7,0.5
7,0
7,-0.5
7,0.5
7,0
7,0
7,0
7,0
7,-0.5
7,0
7,0
7,0.5
7,0
7,0
7,0
7,0
7,0
7,0
7,0
7,0
7,-0.5
8,0
8,1
8,1
8,0
8,1
8,0.5
8,0
8,0
8,0
8,0
8,-0.5
8,0
8,0
8,0
8,0.5
8,-0.5
8,1
8,0.5
8,0
8,-1.5
8,0.5
8,-1.5
8,-1
8,0
8,1
8,0.5
8,-1.5
8,-1.5
8,-0.5
8,-0.5
8,0.5
8,0
8,0
8,0.5
8,-0.5
8,1.5
8,0
8,0
8,-0.5
8,0.5
8,0
8,-0.5
8,0.5
8,-0.5
8,1.5
8,0
8,0
8,0
8,0
8,0
8,0
8,0
8,0
8,0
8,0
8,0
8,1
8,-1
8,0.5
8,0.5
8,-0.5
8,0.5
8,-1
8,0.5
8,0.5
8,0
8,0
8,-0.5
8,0
8,0
8,0
8,0.5
8,0
8,0
8,0
8,0
8,0
8,0
8,0
8,-0.5
8,0
8,0
8,0
8,0.5
8,0
8,0
8,0
8,0
8,0
8,0
8,0
8,0
8,0
8,0
8,0
8,0
8,0
8,0
8,0
8,0
8,0
8,0
8,0.5
8,0.5
8,-0.5
8,0
8,0
8,0
8,0.5
8,0
8,-0.5
8,0
8,0
8,0.5
8,0
8,0
8,0
8,0
8,-0.5
8,0.5
8,0
8,0
8,0
8,0
8,0
8,0
8,0
8,0
8,-0.5
8,0
8,0
8,0.5
8,-0.5
8,0
8,0.5
8,0
8,-0.5
8,0
8,0
8,0.5
8,-0.5
8,0
8,0.5
8,-0.5
8,0.5
8,0
8,0
8,-0.5
8,0
8,0.5
8,0
8,0
8,0
8,0
8,0
8,0
8,-0.5
8,0
8,0.5
8,0
8,0
8,0
8,-0.5
8,0
8,0
8,0
8,0.5
8,0
8,0
8,0
8,0
8,0
8,-0.5
8,0.5
8,-0.5
8,0
8,0
8,0.5
8,0
8,0
8,0
8,0
8,0
8,0
8,0
8,0
8,0
8,-0.5
8,0.5
8,-0.5
8,0.5
8,0
8,-0.5
8,0
8,0
8,0.5
8,1
8,-0.5
8,0
8,0.5
8,0
8,-1
8,0
8,0
8,0
8,0
8,0
8,0
8,0
8,0
8,0
8,0
8,0
8,0
8,0
8,0
8,0
8,-0.5
8,0.5
8,0
8,0
8,0
8,0
8,1
8,0
8,0
8,0
8,0
8,0
8,0
8,0
8,-0.5
8,0
8,0
8,0
8,0.5
8,-0.5
8,0.5
8,0
8,0
8,0
8,0
8,0
8,0
8,0
8,0
8,0
8,0
8,0
8,0
8,0
8,0
8,0
8,0
8,0
8,0
8,0
8,0
8,0
8,0
8,-0.5
8,0
8,0.5
8,0
8,0
8,0
8,0
8,-0.5
8,0
8,0
8,0
8,0
8,0
8,0.5
8,-0.5
8,0
8,0
8,0
8,0.5
8,0
8,0
8,0
8,0
8,-0.5
8,0
8,0
8,0
8,0.5
9,-3.5
9,0
9,-0.5
9,2
9,2
9,0
9,0
9,0.5
9,0
9,-0.5
9,0.5
9,0
9,0
9,-2.5
9,-2
9,1
9,-0.5
9,0.5
9,0
9,0.5
9,0.5
9,0.5
9,0
9,0
9,0.5
9,1
9,1
9,0.5
9,0
9,1
9,1
9,0
9,0
9,0
9,0
9,-0.5
9,0
9,0
9,0
9,0.5
9,0.5
9,0.5
9,-0.5
9,0.5
9,-3
9,0.5
9,0
9,1.5
9,0
9,0
9,-1.5
9,0
9,0
9,1
9,-1
9,0
9,-1
9,0
9,0
9,0
9,0
9,0
9,0.5
9,0
9,0.5
9,0.5
9,-2.5
9,0
9,0.5
9,-0.5
9,0.5
9,0
9,0
9,0
9,0
9,0.5
9,0.5
9,0
9,0
9,0
9,-0.5
9,0
9,0.5
9,0
9,-0.5
9,0
9,0.5
9,0
9,0
9,0
9,0
9,-0.5
9,0.5
9,0.5
9,-0.5
9,-0.5
9,1
9,0.5
9,0
9,0
9,0
9,0
9,0
9,0
9,0
9,0
9,0
9,0
9,0
9,0
9,-0.5
9,0.5
9,0
9,0
9,0
9,0
9,0
9,0
9,0
9,0
9,0
9,0
9,0
9,0
9,-0.5
9,0.5
9,-0.5
9,0
9,0.5
9,0
9,0
9,0
9,0
9,0
9,0.5
9,0.5
9,0
9,0
9,0
9,0
9,0
9,0
9,0
9,0
9,0
9,0
9,0
9,0
9,0
9,-0.5
9,0.5
9,0
9,0
9,0
9,0
9,-0.5
9,0.5
9,-0.5
9,0.5
9,0
9,0
9,0
9,0
9,0
9,-0.5
9,0.5
9,-0.5
9,0
9,0.5
9,-0.5
9,0
9,0.5
9,-0.5
9,0.5
9,-0.5
9,0
9,0.5
9,0
9,0
9,-0.5
9,0.5
9,0
9,0
9,0
9,0
9,0
9,0
9,0
9,0
9,0
9,0
9,0
9,0
9,0
9,0
9,-0.5
9,0
9,0
9,0.5
9,0
9,0
9,0
9,0
9,0
9,0
9,-0.5
9,0.5
9,-0.5
9,0.5
9,0
9,0
9,0
9,0
9,0
9,0
9,0
9,0
9,0
9,0
9,0
9,0
9,0
9,0
9,0
9,0
9,0
9,0
9,0
9,0
9,0
9,0
9,0
9,0
9,-0.5
9,0.5
9,0
9,0
9,0
9,-0.5
9,0.5
9,0.5
9,0
9,0
9,0
9,0.5
9,-0.5
9,0.5
9,0
9,0
9,0
9,0
9,0
9,-0.5
9,0
9,0
9,0.5
9,0
9,0
9,0
9,0
9,0
9,-0.5
9,0.5
9,0
9,0
9,0
9,0
9,0
9,-0.5
9,0.5
9,0
9,-0.5
9,0.5
9,0
9,-0.5
9,0.5
9,0
9,-0.5
9,0.5
9,0
9,-0.5
9,0.5
9,0
9,-0.5
9,0
9,0
9,0
9,0.5
10,0.5
10,0
10,0.5
10,0
10,0
10,0
10,0
10,0.5
10,0
10,0
10,0
10,-2
10,0
10,-1
10,1
10,1
10,-0.5
10,0
10,-0.5
10,0
10,0.5
10,0
10,0
10,0
10,0.5
10,0.5
10,0
10,0
10,0
10,0
10,1
10,0
10,0.5
10,0
10,0.5
10,0.5
10,0.5
10,-0.5
10,0
10,-0.5
10,0.5
10,1.5
10,0
10,0
10,0
10,0
10,0
10,0
10,0
10,0
10,0
10,0
10,0
10,0
10,0
10,0
10,0
10,0
10,0
10,0
10,0
10,0
10,0
10,0
10,0
10,0
10,0
10,0
10,0
10,0
10,-0.5
10,0
10,0
10,0
10,0
10,0.5
10,-0.5
10,0
10,0
10,0.5
10,-0.5
10,0.5
10,-0.5
10,0.5
10,-0.5
10,0.5
10,0
10,-0.5
10,0
10,0
10,0
10,0
10,0
10,0
10,0.5
10,0
10,0
10,0
10,0
10,0
10,0
10,-0.5
10,0.5
10,-0.5
10,0
10,0
10,0
10,0.5
10,0
10,0
10,0
10,0
10,0
10,0
10,0
10,0
10,0
10,0
10,0
10,0
10,0
10,-0.5
10,0
10,0
10,0.5
10,0
10,-0.5
10,0.5
10,0
10,0
10,0
10,-0.5
10,0.5
10,-0.5
10,0
10,0.5
10,1
10,-0.5
10,0
10,0
10,0.5
10,-0.5
10,0
10,0
10,0
10,0.5
10,0
10,0
10,0
10,0
10,-0.5
10,0
10,0
10,0.5
10,0
10,0
10,0
10,0
10,0
10,0
10,0
10,0
10,0
10,0
10,0
10,0
10,0
10,0
10,0
10,0
10,0
10,0
10,0
10,0
10,0
10,0
10,0
10,0
10,-0.5
10,0.5
10,0
10,-0.5
10,0.5
10,0
10,0
10,0
10,-0.5
10,0.5
10,-0.5
10,0
10,0
10,0
10,0.5
10,0
10,-0.5
10,0.5
10,-0.5
10,0.5
10,-0.5
10,0.5
10,-0.5
10,0.5
10,-0.5
10,0.5
10,-0.5
10,0
10,0
10,0.5
10,0
10,0
10,0
10,0
10,-0.5
10,0.5
10,0
10,-0.5
10,0.5
10,-0.5
10,0.5
10,0
10,0
10,0
10,-0.5
10,0
10,0.5
10,0
10,-0.5
10,0.5
10,0
10,0
10,-0.5
10,0.5
10,-0.5
10,0.5
10,0
10,0
10,0
10,-0.5
10,0.5
10,0
10,0
10,0
10,0
10,0
10,0
10,0
10,-0.5
10,-0.5
10,0
10,-0.5
10,0
10,0
10,1
10,0
10,0.5
10,-1.5
10,1
10,-1
10,1
10,0.5
10,-0.5
10,0.5
10,0
10,0
10,0
10,0
10,0
10,0
10,0
10,0
10,0
10,0
10,0
10,0
10,0
10,0
10,0
10,0
10,0
10,0
10,0
10,0
10,0
10,-0.5
10,0.5
10,0
10,0
10,-0.5
11,0.5
11,-1.5
11,0
11,-1
11,0.5
11,0
11,0
11,0
11,0
11,0.5
11,0.5
11,0
11,-1
11,-1
11,-0.5
11,0
11,-0.5
11,0
11,-0.5
11,0
11,0
11,0
11,0.5
11,0.5
11,0.5
11,-1.5
11,0.5
11,0.5
11,0.5
11,0
11,0
11,-0.5
11,-0.5
11,1
11,-0.5
11,0
11,1
11,0.5
11,0
11,0
11,0
11,0
11,0
11,0
11,0
11,0
11,0
11,0
11,0
11,0
11,0
11,0
11,-0.5
11,0
11,0
11,0.5
11,0
11,0
11,0
11,0
11,0
11,0
11,-0.5
11,0
11,0.5
11,0
11,0
11,0
11,-0.5
11,0
11,0.5
11,-0.5
11,0.5
11,0
11,0
11,0
11,0
11,1
11,-0.5
11,0.5
11,0
11,0
11,0
11,0
11,0
11,0
11,0
11,0
11,0
11,0
11,1
11,-0.5
11,0
11,-1
11,1
11,-1
11,1
11,1
11,0.5
11,0
11,0
11,0
11,0
11,0
11,0
11,0
11,0
11,0
11,0
11,-0.5
11,0.5
11,0
11,0
11,-0.5
11,-2
11,0
11,-0.5
11,0.5
11,-1
11,0
11,1
11,-1.5
11,-0.5
11,0.5
11,0.5
11,0.5
11,-1.5
11,0.5
11,0.5
11,0.5
11,0
11,0
11,0
11,0
11,0
11,0
11,0
11,0
11,0
11,0
11,0
11,-0.5
11,0
11,0.5
11,0
11,0.5
11,0.5
11,0
11,0
11,0
11,0
11,0
11,0
11,0
11,0
11,0
11,0
11,0
11,0
11,0
11,0
11,0
11,0
11,0
11,-0.5
11,0.5
11,0
11,0
11,0
11,0
11,0
11,0
11,0
11,0
11,0
11,0
11,0
11,0
11,0
11,0
11,0
11,0
11,0
11,0
11,0
11,0
11,0
11,0
11,0
11,0
11,0
11,0
11,-0.5
11,0
11,0.5
11,0
11,0
11,-0.5
11,0
11,0.5
11,0
11,0
11,0
11,0
11,-0.5
11,0
11,0
11,0.5
11,0
11,0
11,0
11,0
11,0
11,0
11,0
11,0
11,0
11,0
11,0
11,0
11,0
11,0
11,0
11,0
11,0
11,0
11,0
11,0
11,0
11,0
11,0
11,0
11,0
11,0
11,0
11,0
11,0
11,0
11,0
11,-0.5
11,0
11,0
11,0.5
11,0
11,0
11,0
11,0
11,0
11,0
11,0
11,-0.5
11,0.5
11,0
11,0
11,0
11,-0.5
11,1.5
11,-1
11,1
11,-1.5
11,1
11,0.5
11,0
11,0
11,0
11,-0.5
11,0
11,0.5
11,-0.5
11,1.5
11,-1.5
11,0
11,0
11,0.5
11,0
11,-0.5
11,1
11,0
11,0.5
11,-0.5
11,-0.5
11,0.5
11,0.5
11,-1.5
11,0
11,1.5
11,0
11,0
12,-2.5
12,0
12,0.5
12,0
12,1
12,-0.5
12,0.5
12,0
12,-1.5
12,0
12,0.5
12,0
12,0
12,0
12,0
12,-0.5
12,2.5
12,0.5
12,1
12,0.5
12,1
12,0
12,0
12,-0.5
12,0.5
12,-0.5
12,0
12,0
12,0.5
12,-2
12,-0.5
12,0
12,0.5
12,0.5
12,-3
12,0.5
12,-1
12,-1
12,0
12,-1
12,0
12,0.5
12,1
12,1.5
12,1
12,0
12,0
12,-2.5
12,-0.5
12,-0.5
12,0
12,-1
12,2
12,1
12,-0.5
12,0
12,-0.5
12,0.5
12,0
12,0
12,0
12,0
12,0
12,0
12,0
12,0
12,0
12,-0.5
12,0
12,0.5
12,0
12,0
12,-0.5
12,0.5
12,-0.5
12,0
12,0.5
12,0
12,-0.5
12,0
12,1
12,0
12,0.5
12,0
12,0
12,1
12,1
12,0
12,0
12,-0.5
12,0.5
12,0
12,0
12,-2
12,-0.5
12,-0.5
12,-1.5
12,0.5
12,-0.5
12,0
12,0
12,0
12,1
12,0.5
12,-1.5
12,1
12,1.5
12,0
12,0
12,0
12,-0.5
12,0.5
12,0
12,0
12,0
12,0
12,0
12,0
12,-0.5
12,0.5
12,-0.5
12,0.5
12,0
12,0
12,0.5
12,0.5
12,0
12,0
12,0
12,0
12,0
12,-0.5
12,0.5
12,0
12,0
12,0
12,0.5
12,0.5
12,0
12,0.5
12,0.5
12,0
12,-0.5
12,0
12,0
12,0.5
12,0
12,0
12,0
12,-0.5
12,0
12,0
12,0.5
12,0
12,0
12,0
12,-0.5
12,0
12,0
12,0
12,0.5
12,0
12,0
12,0
12,0
12,0
12,0
12,0
12,0
12,-0.5
12,0.5
12,0
12,0
12,0
12,0
12,0
12,0
12,0
12,0
12,0
12,0
12,0
12,0
12,-0.5
12,0
12,0
12,-1
12,0
12,0
12,0.5
12,0
12,-1.5
12,0
12,0
12,0
12,0
12,0
12,1
12,0.5
12,0
12,0
12,1
12,0
12,0
12,-0.5
12,0.5
12,0
12,0
12,0
12,0
12,0
12,0
12,0
12,0
12,-0.5
12,0
12,0
12,0
12,0
12,0
12,0
12,0
12,0.5
12,-0.5
12,0.5
12,0
12,0
12,0
12,0
12,0
12,0
12,0
12,0
12,0
12,0
12,0
12,0
12,0
12,0
12,0
12,0
12,0
12,-0.5
12,0.5
12,0
12,0
12,-0.5
12,0.5
12,-0.5
12,0
12,0
12,0.5
12,0
12,0
12,-0.5
12,0.5
12,0
12,0
12,0
12,0
12,0
12,0
12,-0.5
12,0.5
12,0
12,-0.5
12,0
12,0
12,0.5
12,0
12,0
12,0
12,0
12,0
12,0
12,0
12,0
12,-0.5
12,0.5
12,-0.5
12,0
12,0
12,0.5
12,0
12,0
12,0
12,0
12,0
13,0
13,-1.5
13,1
13,2.5
13,-0.5
13,0
13,0.5
13,0
13,1
13,1.5
13,1.5
13,0.5
13,-1
13,1.5
13,-0.5
13,0.5
13,0
13,0
13,0
13,-0.5
13,0
13,0
13,0.5
13,-0.5
13,0
13,0.5
13,-0.5
13,0
13,0
13,1
13,0.5
13,0
13,0
13,0
13,0
13,0
13,0
13,0
13,0
13,0
13,0
13,0
13,0
13,0
13,0
13,0
13,0
13,0
13,0
13,0
13,0
13,0
13,0
13,0
13,0
13,0
13,0
13,0
13,0
13,-0.5
13,0
13,0.5
13,0
13,0
13,0
13,0
13,0
13,0.5
13,0.5
13,0
13,0
13,-1.5
13,1
13,-0.5
13,-0.5
13,0.5
13,-0.5
13,1
13,0.5
13,0
13,-0.5
13,0
13,0.5
13,-0.5
13,0
13,0
13,-1
13,1
13,0
13,0.5
13,0
13,0
13,-0.5
13,0.5
13,0
13,0
13,0
13,-0.5
13,0
13,0
13,0
13,0
13,0
13,0.5
13,0
13,0
13,0
13,0
13,0
13,0
13,0
13,0
13,0
13,0
13,0
13,0
13,0
13,0
13,0
13,0
13,0
13,0
13,0
13,-0.5
13,0
13,0.5
13,-0.5
13,0
13,0.5
13,0
13,0
13,0
13,0
13,-0.5
13,0
13,0.5
13,-1
13,1
13,-1.5
13,1.5
13,-1.5
13,0
13,1
13,-0.5
13,0.5
13,-1
13,0
13,-1
13,0.5
13,0
13,0.5
13,-1
13,0.5
13,-0.5
13,0
13,0.5
13,0
13,1.5
13,-2
13,-0.5
13,1
13,0.5
13,0.5
13,-0.5
13,1
13,-1
13,1
13,0
13,-1
13,1
13,0
13,0
13,0.5
13,0
13,0
13,-1.5
13,0
13,0
13,1.5
13,0
13,-0.5
13,0.5
13,0
13,0
13,0
13,0
13,0
13,-0.5
13,0
13,0
13,0.5
13,0
13,0
13,0
13,0
13,-0.5
13,0.5
13,0
13,0
13,0
13,0
13,-0.5
13,0
13,1
13,0.5
13,-1.5
13,1.5
13,0
13,-1.5
13,0.5
13,1
13,-0.5
13,0
13,0.5
13,0
13,0
13,0
13,0
13,0
13,0
13,0
13,-0.5
13,0
13,0.5
13,0
13,0
13,-0.5
13,0
13,0.5
13,0
13,0
13,-0.5
13,0
13,0
13,0
13,0
13,0
13,0.5
13,0
13,0
13,0
13,0
13,0
13,-0.5
13,0
13,0
13,0
13,0.5
13,0
13,-0.5
13,0
13,0.5
13,0
13,0
13,0
13,0
13,-0.5
13,0
13,0.5
13,0
13,0
13,0
13,-0.5
13,0
13,0.5
13,-0.5
13,0.5
13,0
13,0
13,-0.5
13,0.5
13,-0.5
13,0.5
13,-0.5
13,0.5
13,0
13,0
13,0
13,0
13,0
13,0
13,0
13,0
13,0
13,0
13,0
13,0
13,0
14,0
14,1
14,0.5
14,1.5
14,0
14,0.5
14,-0.5
14,-2.5
14,-1
14,-1
14,0
14,1
14,0.5
14,0
14,-1.5
14,0
14,0
14,-0.5
14,0
14,0
14,0.5
14,1
14,0
14,0
14,0
14,0
14,0
14,0
14,0
14,0
14,0
14,1
14,0
14,0
14,0
14,0
14,0
14,0
14,0
14,0
14,0
14,0
14,0
14,0
14,0
14,0.5
14,0
14,0
14,0
14,0
14,0.5
14,-0.5
14,0
14,0.5
14,0
14,-0.5
14,0.5
14,0
14,0
14,0
14,0
14,0
14,-0.5
14,0.5
14,0
14,0
14,0
14,0
14,0
14,0
14,0
14,0
14,0
14,0
14,0
14,-0.5
14,0.5
14,0
14,0
14,-0.5
14,0.5
14,-0.5
14,0
14,0.5
14,0
14,0
14,0
14,-0.5
14,0.5
14,0
14,0
14,0
14,0
14,0
14,-0.5
14,0.5
14,0
14,0.5
14,0.5
14,-0.5
14,0
14,0
14,-1
14,0
14,1.5
14,-0.5
14,0.5
14,-1.5
14,1
14,0
14,0.5
14,0
14,-0.5
14,0
14,0.5
14,-0.5
14,0.5
14,0
14,-0.5
14,0
14,0.5
14,0
14,0
14,0
14,0
14,0
14,0
14,0
14,0
14,0
14,0
14,-0.5
14,0.5
14,0
14,0
14,-0.5
14,0.5
14,0
14,0
14,-0.5
14,0.5
14,0
14,-0.5
14,0.5
14,-0.5
14,0.5
14,-0.5
14,0
14,0.5
14,0
14,0
14,-0.5
14,0.5
14,0
14,-0.5
14,0.5
14,-0.5
14,0
14,0
14,0
14,0
14,0.5
14,0
14,0
14,0
14,0
14,0
14,0
14,0
14,0
14,0
14,0
14,0
14,0
14,0
14,0
14,0
14,-0.5
14,0
14,0
14,0
14,0.5
14,0
14,-0.5
14,0.5
14,0
14,-0.5
14,0
14,0
14,0.5
14,0
14,-0.5
14,0.5
14,0
14,0
14,0
14,0
14,0
14,0
14,0
14,0
14,0
14,0
14,0
14,0
14,0
14,0
14,0
14,0
14,0
14,0
14,0
14,0
14,0
14,0
14,0
14,-0.5
14,0
14,0
14,0
14,0.5
14,0
14,0
14,0
14,0
14,0
14,0
14,0
14,0
14,0
14,0
14,0
14,0
14,0
14,0
14,0
14,0
14,0
14,0
14,-0.5
14,0.5
14,0
14,0
14,0
14,0
14,0
14,0
14,0
14,-0.5
14,0.5
14,0
14,0
14,0
14,0
14,0
14,0
14,0
14,0
14,0
14,0
14,-0.5
14,0
14,0
14,0.5
14,0
14,0
14,0
14,0
14,0
14,0
14,0
14,0
14,0
14,0
14,-0.5
14,0.5
14,0
14,0
14,0
14,0
14,0
14,0
14,0
14,-0.5
14,0.5
14,0
14,-0.5
14,0.5
15,0
15,0
15,-2
15,0
15,0
15,0.5
15,0
15,-1
15,0.5
15,-1
15,-1
15,-1
15,-1
15,-0.5
15,0
15,1
15,0
15,-0.5
15,0.5
15,0
15,0
15,0
15,0
15,0
15,0
15,-0.5
15,0.5
15,-0.5
15,0
15,0
15,0.5
15,0
15,0
15,0
15,-0.5
15,0.5
15,0
15,0
15,0
15,0
15,0
15,-0.5
15,0
15,0.5
15,0
15,0
15,0
15,0
15,1
15,0
15,-0.5
15,0
15,0
15,0
15,0
15,0.5
15,-0.5
15,0.5
15,0
15,0
15,0
15,0
15,0
15,0
15,0
15,-0.5
15,0
15,0
15,0
15,0.5
15,0
15,0
15,0
15,0
15,0
15,-0.5
15,0.5
15,0
15,0
15,-0.5
15,0
15,0
15,0.5
15,0
15,0
15,0
15,0
15,0
15,0
15,0
15,-0.5
15,0.5
15,0
15,0
15,-0.5
15,0
15,0.5
15,1
15,0
15,0
15,0
15,0
15,0
15,0
15,0
15,0
15,0
15,0
15,0
15,0
15,0
15,0
15,0
15,0
15,0
15,-0.5
15,0.5
15,0
15,0.5
15,0.5
15,0
15,-0.5
15,0
15,0
15,0
15,-1
15,-0.5
15,0
15,0
15,0
15,0.5
15,-1
15,0.5
15,-0.5
15,0
15,1
15,0
15,-1
15,0
15,1
15,0
15,-1
15,0
15,0.5
15,0
15,-0.5
15,0
15,-1
15,0
15,0
15,1
15,-1
15,1.5
15,-0.5
15,0
15,0.5
15,-1.5
15,0.5
15,-0.5
15,1.5
15,0
15,0
15,0
15,0
15,-0.5
15,0.5
15,-1.5
15,-0.5
15,0
15,0
15,0
15,0.5
15,0
15,0.5
15,0
15,-0.5
15,1.5
15,0
15,0
15,-0.5
15,0.5
15,0
15,0
15,-0.5
15,0.5
15,0
15,0
15,0
15,0
15,0
15,0
15,0.5
15,0.5
15,0
15,0
15,0
15,0
15,0
15,-0.5
15,0.5
15,0
15,0
15,0
15,-0.5
15,0
15,0
15,0
15,0.5
15,-0.5
15,0.5
15,0
15,0
15,0
15,0
15,0
15,0
15,0
15,0
15,0
15,0
15,0
15,0
15,0
15,0
15,0
15,0
15,-0.5
15,0.5
15,-0.5
15,0
15,0.5
15,0
15,0
15,-0.5
15,0.5
15,0
15,0
15,0
15,0
15,0
15,0
15,0
15,0
15,0
15,0
15,0
15,0
15,0
15,0
15,-0.5
15,0
15,0
15,0.5
15,0
15,-0.5
15,0.5
15,0
15,0
15,0
15,0
15,0
15,0
15,0
15,0
15,0
15,-0.5
15,0.5
15,0
15,-0.5
15,0.5
15,-0.5
15,0.5
15,0
15,0
15,0
15,-0.5
15,0.5
15,0
15,0
15,-0.5
15,0.5
15,-0.5
15,0.5
15,0
15,-0.5
15,0
15,0
15,1.5
16,-3
16,-3
16,0
16,-2
16,-1
16,-1
16,0
16,1
16,0.5
16,1
16,0
16,3
16,3
16,2.5
16,1
16,1
16,-0.5
16,-1
16,-1
16,1
16,-3
16,0
16,0
16,0.5
16,0.5
16,-1
16,1.5
16,-1
16,0
16,0
16,0
16,0
16,0
16,0
16,0
16,0
16,0
16,0
16,1
16,0
16,0
16,-0.5
16,-1
16,0
16,-1.5
16,0.5
16,0
16,2
16,0
16,0
16,0.5
16,-1.5
16,0
16,0
16,0.5
16,0
16,1
16,0
16,-0.5
16,0.5
16,0.5
16,0
16,0.5
16,0.5
16,0.5
16,-1.5
16,1
16,0
16,0
16,-1
16,1.5
16,0
16,0
16,-0.5
16,0
16,0.5
16,0
16,-0.5
16,0.5
16,1
16,0
16,-0.5
16,0.5
16,0
16,0
16,0
16,0
16,0
16,0
16,0
16,0
16,0
16,-0.5
16,-0.5
16,-1
16,-1
16,0.5
16,0
16,-1.5
16,0
16,0.5
16,-1
16,0
16,0
16,0.5
16,0
16,1
16,0.5
16,0.5
16,1
16,0
16,0.5
16,0
16,0.5
16,0
16,-0.5
16,0
16,0
16,0
16,0
16,-3.5
16,0.5
16,0.5
16,0
16,-0.5
16,0
16,0.5
16,-0.5
16,0
16,0.5
16,-0.5
16,0
16,1.5
16,0
16,0
16,0
16,0
16,0
16,0
16,0.5
16,0
16,0.5
16,0
16,-1.5
16,0
16,0.5
16,-0.5
16,1
16,0.5
16,0
16,0
16,0
16,0
16,0
16,0
16,0
16,0
16,0
16,0
16,0
16,0
16,-0.5
16,0
16,0.5
16,0
16,0
16,-0.5
16,0
16,0.5
16,0
16,0
16,-0.5
16,0.5
16,0
16,1
16,0
16,-0.5
16,0
16,0
16,0
16,0.5
16,0
16,0
16,0
16,-0.5
16,0
16,0
16,0
16,0.5
16,0
16,0
16,0
16,-0.5
16,0.5
16,0
16,0
16,-0.5
16,0
16,0.5
16,0
16,0
16,0
16,0
16,-0.5
16,0.5
16,0
16,0
16,-0.5
16,0
16,0
16,0.5
16,0
16,0
16,0
16,0
16,0
16,0
16,0
16,0
16,0
16,0
16,-0.5
16,0
16,0.5
16,0
16,0
16,0
16,0
16,0
16,0
16,0
16,0
16,0
16,0
16,0
16,0
16,0
16,0
16,0
16,0
16,0
16,-0.5
16,0.5
16,0
16,0
16,-0.5
16,0.5
16,0
16,0
16,0
16,-0.5
16,0.5
16,0
16,0
16,0
16,0
16,0
16,0
16,0
16,0
16,0
16,0
16,0
16,0
16,0
16,-0.5
16,0.5
16,0
16,0
16,0
16,0
16,-0.5
16,0.5
16,0
16,0
16,0
16,0
16,-0.5
16,0
16,0.5
16,0
16,0
16,0
16,-0.5
16,0.5
16,0
16,0
16,0
17,0.5
17,-0.5
17,0
17,1
17,0.5
17,0
17,0.5
17,0
17,0
17,0.5
17,0
17,0
17,0
17,0
17,0
17,-0.5
17,0
17,0.5
17,-0.5
17,0.5
17,0
17,0
17,0
17,-0.5
17,0
17,0
17,0.5
17,-0.5
17,0.5
17,0
17,-0.5
17,0
17,1.5
17,0
17,0
17,0
17,0
17,0
17,0
17,0
17,0
17,0
17,0
17,0
17,0
17,0
17,-0.5
17,0
17,0.5
17,0
17,0
17,0
17,0
17,-0.5
17,0
17,0.5
17,-0.5
17,0
17,0.5
17,0
17,-0.5
17,0
17,0.5
17,-0.5
17,0.5
17,0
17,0
17,-0.5
17,0.5
17,-0.5
17,0.5
17,0
17,0
17,0
17,0
17,-0.5
17,0.5
17,-0.5
17,0.5
17,-0.5
17,0
17,0
17,0.5
17,0
17,0
17,0
17,0
17,0
17,0
17,0
17,0
17,0
17,0
17,0
17,0
17,0
17,0
17,-0.5
17,0.5
17,0
17,0
17,0
17,-0.5
17,0.5
17,-0.5
17,0
17,0.5
17,0
17,-0.5
17,0.5
17,0
17,0
17,0
17,0
17,0
17,0
17,0
17,0
17,0
17,0
17,0
17,0
17,0
17,0
17,0
17,0
17,0
17,0
17,-0.5
17,0.5
17,-0.5
17,0.5
17,0
17,0
17,-0.5
17,0
17,0.5
17,0
17,0
17,0
17,0
17,0
17,0
17,0
17,0
17,0
17,0
17,-0.5
17,0
17,0
17,0.5
17,0
17,0
17,0
17,-0.5
17,0
17,0.5
17,-0.5
17,0
17,0
17,0.5
17,0
17,0
17,0
17,0
17,0
17,0
17,0
17,0
17,0
17,0
17,0
17,0
17,0
17,0
17,0
17,0
17,0
17,0
17,0
17,0
17,0
17,0
17,-0.5
17,0
17,0.5
17,0
17,0
17,0
17,0
17,0
17,0
17,-0.5
17,0.5
17,-0.5
17,0.5
17,0.5
17,0.5
17,0
17,0
17,0
17,0
17,0
17,0
17,0
17,0
17,0
17,0
17,0
17,0
17,-0.5
17,0
17,0.5
17,0
17,0
17,0
17,0
17,0
17,0
17,0
17,0
17,0
17,0
17,0
17,0
17,0
17,0
17,0
17,0
17,0
17,0
17,0
17,0
17,0
17,0
17,0
17,0
17,0
17,0
17,0
17,0
17,0
17,-0.5
17,0
17,0.5
17,-0.5
17,0.5
17,-0.5
17,0.5
17,0
17,0
17,-0.5
17,0
17,0
17,0.5
17,0
17,-0.5
17,0.5
17,0
17,0
17,-0.5
17,0.5
17,0
17,0
17,0
17,0
17,-0.5
17,0.5
17,0
17,0
17,0
17,-0.5
17,0.5
17,0
17,-0.5
17,0
17,0
17,0.5
17,-0.5
17,0
17,0.5
17,0
17,0
17,0
17,0
17,0
17,0
17,0
18,0.5
18,1.5
18,0
18,0
18,0
18,-1.5
18,-1.5
18,0.5
18,0
18,-1.5
18,0.5
18,0.5
18,1
18,0
18,-1
18,0
18,1
18,0.5
18,0
18,0
18,0
18,0
18,0
18,-0.5
18,0
18,-2
18,0
18,0.5
18,-0.5
18,0
18,0.5
18,0.5
18,0
18,0
18,-0.5
18,0.5
18,-0.5
18,-0.5
18,0
18,0.5
18,0.5
18,0.5
18,0
18,-0.5
18,0
18,0
18,0.5
18,0
18,0
18,0
18,0
18,0
18,0
18,0
18,0
18,0
18,0
18,0
18,0
18,0
18,0
18,0
18,0
18,0
18,1
18,0
18,0.5
18,0.5
18,0
18,0
18,0.5
18,0.5
18,0
18,0
18,0
18,0
18,-0.5
18,0
18,0.5
18,0
18,0
18,0
18,0
18,0
18,0
18,-0.5
18,0
18,0
18,0.5
18,0
18,0
18,-0.5
18,0.5
18,0
18,0
18,0
18,0
18,0
18,0
18,0
18,0
18,0
18,0
18,0
18,0
18,0
18,0
18,0
18,0
18,0
18,0
18,-0.5
18,0.5
18,0
18,0
18,0
18,0
18,0
18,0
18,0
18,0
18,0
18,0
18,0
18,0
18,0
18,0
18,0
18,0
18,-0.5
18,0
18,0
18,0.5
18,0
18,0.5
18,0.5
18,0
18,0
18,0
18,0
18,0
18,0
18,0
18,0
18,0
18,0
18,0
18,0
18,0
18,0
18,0
18,0
18,0
18,0
18,0
18,0
18,0
18,0
18,0
18,0
18,0
18,-0.5
18,0.5
18,-0.5
18,0.5
18,0
18,-0.5
18,0
18,0.5
18,0
18,-0.5
18,0.5
18,-0.5
18,0
18,0.5
18,0
18,0
18,0
18,0
18,0
18,0
18,0
18,0
18,0
18,0
18,-0.5
18,0
18,0.5
18,0
18,0
18,0
18,-0.5
18,0.5
18,0
18,0
18,0
18,0
18,0
18,0
18,0
18,-0.5
18,0
18,0.5
18,-0.5
18,0.5
18,-0.5
18,0
18,0
18,0.5
18,-1
18,-0.5
18,0
18,0
18,0
18,0
18,0.5
18,-0.5
18,0.5
18,0.5
18,0.5
18,0
18,0
18,0
18,0
18,0
18,0
18,0
18,0
18,0
18,0
18,-0.5
18,0
18,0
18,0
18,0
18,0
18,0.5
18,-0.5
18,0.5
18,0
18,0
18,0
18,-0.5
18,0
18,0.5
18,0
18,-0.5
18,0.5
18,-0.5
18,0
18,0.5
18,0
18,0
18,0
18,0
18,0
18,0
18,0
18,0
18,0
18,0
18,-0.5
18,0
18,0.5
18,0
18,0
18,0
18,-0.5
18,0.5
18,0
18,0
18,0
18,0
18,0
18,0
18,0
18,0
18,0
18,0
18,0
18,0
18,0
18,0
18,-0.5
18,0.5
18,0
18,-0.5
18,0
19,-1
19,1
19,1
19,0.5
19,-0.5
19,-1
19,-1
19,0
19,0
19,0
19,0
19,1
19,-0.5
19,-1.5
19,0.5
19,0
19,1
19,-1
19,0.5
19,1
19,0.5
19,0
19,-0.5
19,0.5
19,1
19,0.5
19,0.5
19,0.5
19,0.5
19,-0.5
19,0
19,0.5
19,-0.5
19,-1
19,-1
19,1
19,-1
19,1
19,0
19,0.5
19,0.5
19,0
19,0
19,0.5
19,-0.5
19,0
19,0
19,0.5
19,0
19,0.5
19,0.5
19,0
19,0
19,0
19,0
19,0
19,0
19,0
19,0
19,0
19,0
19,0
19,0
19,0
19,-0.5
19,0.5
19,0
19,-0.5
19,0.5
19,0
19,0
19,0
19,-0.5
19,0
19,0.5
19,0
19,0
19,0
19,0
19,0
19,0
19,-0.5
19,0
19,0.5
19,0
19,0
19,0
19,0
19,0
19,0
19,-0.5
19,0.5
19,0
19,0
19,0
19,0
19,0
19,0
19,0
19,0
19,0
19,0
19,0
19,-0.5
19,0
19,0
19,0.5
19,0
19,-0.5
19,0.5
19,0
19,0
19,0
19,-0.5
19,0
19,0
19,-1
19,1
19,-1
19,0
19,0
19,-0.5
19,0
19,0
19,1
19,0
19,0.5
19,0.5
19,-1
19,0
19,0.5
19,0.5
19,0
19,0
19,0
19,-0.5
19,0.5
19,0
19,-0.5
19,0.5
19,-0.5
19,0.5
19,-1.5
19,1
19,-1
19,0.5
19,-1.5
19,0
19,0
19,1.5
19,-0.5
19,0.5
19,-1.5
19,0
19,1.5
19,0
19,0
19,0
19,0
19,0
19,0.5
19,0.5
19,-0.5
19,0
19,0.5
19,0
19,0
19,0
19,0
19,0
19,0
19,0
19,0
19,-0.5
19,0.5
19,-0.5
19,0
19,0
19,0.5
19,-0.5
19,0
19,0.5
19,-0.5
19,0.5
19,0
19,0
19,-0.5
19,0
19,0.5
19,0
19,0
19,0
19,0.5
19,0.5
19,0
19,0
19,0
19,0
19,0
19,0
19,0
19,0
19,0
19,-0.5
19,0
19,0
19,0
19,0.5
19,-0.5
19,0.5
19,0
19,-0.5
19,0.5
19,0
19,0
19,-0.5
19,0.5
19,0
19,0
19,0
19,0
19,-0.5
19,0
19,0
19,0.5
19,-1.5
19,1
19,-1
19,1
19,-0.5
19,0
19,0.5
19,-1
19,0
19,-1
19,1.5
19,-1.5
19,0
19,-0.5
19,0
19,0
19,0
19,0
19,0.5
19,0
19,0.5
19,0
19,0
19,0
19,0
19,-0.5
19,1.5
19,0
19,0
19,0
19,-1.5
19,1
19,-1
19,0
19,0
19,1.5
19,0
19,0
19,0
19,0
19,0
19,0
19,-0.5
19,0
19,0.5
19,-0.5
19,0
19,0.5
19,-0.5
19,0
19,0.5
19,0
19,0
19,0
19,0
19,0
19,0
19,1
19,0
19,0
19,0
19,-0.5
19,0.5
20,-1
20,-2.5
20,0
20,0
20,0
20,0
20,-0.5
20,0
20,-0.5
20,0.5
20,0.5
20,-2.5
20,0
20,1
20,0.5
20,0
20,0
20,0
20,0
20,1
20,0.5
20,0
20,-2.5
20,0
20,0
20,0.5
20,0
20,-1
20,0
20,0
20,1
20,0
20,0
20,1.5
20,0.5
20,0.5
20,0
20,0.5
20,0.5
20,0.5
20,0
20,1
20,0.5
20,-0.5
20,0.5
20,0
20,0
20,0
20,0
20,0
20,0
20,0
20,0
20,0
20,0
20,0
20,0
20,-0.5
20,0.5
20,0
20,0.5
20,0.5
20,0
20,0
20,0
20,0
20,0
20,0
20,0
20,0
20,0
20,0
20,0
20,0
20,0
20,-0.5
20,0.5
20,-0.5
20,0
20,0.5
20,0
20,0
20,0
20,0
20,-0.5
20,0.5
20,0
20,-0.5
20,-1
20,0
20,0
20,0
20,-0.5
20,-1
20,0.5
20,0
20,-1
20,0
20,0.5
20,0
20,0
20,-0.5
20,0.5
20,-0.5
20,0.5
20,-0.5
20,0
20,0.5
20,0
20,0
20,0
20,0
20,0
20,0
20,-0.5
20,0
20,0.5
20,-0.5
20,0
20,0.5
20,1
20,0
20,0
20,-0.5
20,0
20,0
20,0.5
20,0
20,-0.5
20,0
20,0
20,0.5
20,0
20,0
20,0
20,0
20,-0.5
20,0
20,0
20,0
20,0.5
20,0
20,0
20,-0.5
20,0
20,0
20,0
20,0
20,0
20,0
20,0
20,1
20,0
20,0.5
20,0
20,-0.5
20,0.5
20,0
20,0
20,0
20,0
20,0
20,0
20,-0.5
20,0.5
20,0
20,0
20,0
20,0
20,0
20,0
20,-0.5
20,0.5
20,0
20,0
20,0
20,0
20,-0.5
20,0.5
20,0
20,0
20,0
20,0
20,0
20,0
20,0
20,0
20,-0.5
20,0.5
20,0
20,0
20,-0.5
20,0
20,0.5
20,0
20,0
20,0
20,0
20,0
20,-0.5
20,0
20,0.5
20,0
20,0
20,0
20,0
20,-0.5
20,0
20,0
20,0.5
20,0
20,0
20,0
20,0
20,0
20,0
20,0
20,0
20,0
20,0
20,-0.5
20,0.5
20,-0.5
20,0
20,0.5
20,0
20,0
20,0
20,0
20,0
20,-0.5
20,0.5
20,0
20,0
20,0
20,0
20,0
20,-0.5
20,0.5
20,-0.5
20,0
20,0.5
20,0
20,0
20,0
20,0
20,-0.5
20,0
20,0.5
20,0
20,-0.5
20,0
20,0
20,0
20,0
20,0.5
20,0
20,0
20,0
20,-0.5
20,0.5
20,-0.5
20,0
20,0.5
20,0
20,0
20,0
20,0
20,-0.5
20,0
20,0.5
20,0.5
20,0.5
20,0
20,0
20,0
20,0
20,0
20,0
20,0
20,0
20,0
20,0
20,0
20,0
20,0
20,0
20,-0.5
21,0.5
21,1.5
21,-0.5
21,0.5
21,0
21,-0.5
21,0.5
21,-0.5
21,-2.5
21,0.5
21,-1
21,-1
21,2
21,0
21,1
21,1.5
21,0
21,0
21,0
21,0
21,0
21,0.5
21,-1
21,-1
21,-0.5
21,-1.5
21,0.5
21,-1
21,-0.5
21,0.5
21,0
21,0
21,0
21,0
21,0.5
21,0.5
21,-0.5
21,1.5
21,1
21,1
21,0.5
21,0.5
21,-0.5
21,0.5
21,0
21,0
21,0
21,-0.5
21,0.5
21,0
21,-0.5
21,0.5
21,0
21,0.5
21,-1
21,1
21,0
21,-0.5
21,-0.5
21,0
21,0.5
21,0
21,0.5
21,0.5
21,0
21,0
21,0
21,0
21,0
21,0
21,0
21,0
21,0
21,0
21,0
21,0
21,0
21,0
21,0
21,0
21,0
21,0
21,0
21,-0.5
21,0.5
21,-0.5
21,0
21,0.5
21,-0.5
21,0.5
21,0
21,0
21,-0.5
21,0.5
21,-0.5
21,0
21,0.5
21,0
21,0.5
21,0
21,0.5
21,0
21,0
21,0
21,0
21,0
21,0
21,0
21,0
21,0
21,0
21,0
21,0
21,0
21,0
21,-0.5
21,0
21,0.5
21,0
21,-0.5
21,0
21,0
21,0
21,0.5
21,0
21,0
21,0
21,0
21,0
21,0
21,0
21,0
21,0
21,-0.5
21,0
21,0.5
21,0
21,0
21,0
21,0
21,0
21,0
21,0
21,0
21,0
21,0
21,0
21,0
21,0
21,0
21,0
21,0
21,0
21,0
21,0
21,0
21,-0.5
21,0.5
21,-0.5
21,0
21,0.5
21,0
21,0
21,0
21,0
21,0
21,0
21,0
21,0
21,0
21,0
21,0
21,-0.5
21,0
21,0.5
21,0
21,0
21,0
21,-0.5
21,0.5
21,-0.5
21,0.5
21,-0.5
21,0
21,0
21,0.5
21,-0.5
21,0
21,0
21,0
21,-0.5
21,-0.5
21,0
21,0
21,0
21,0.5
21,-0.5
21,0
21,0.5
21,0
21,0
21,-0.5
21,0
21,0.5
21,0
21,0.5
21,0.5
21,-0.5
21,0
21,0
21,0
21,0
21,0
21,0.5
21,0
21,0
21,0
21,0
21,-0.5
21,0
21,0
21,0.5
21,-0.5
21,0.5
21,0
21,-0.5
21,0
21,0
21,0
21,0.5
21,0
21,0
21,0
21,0
21,-0.5
21,0
21,0.5
21,0
21,0
21,0
21,0
21,0
21,0
21,0
21,0
21,-0.5
21,0.5
21,0
21,0
21,0
21,0
21,0
21,0
21,0
21,0
21,0
21,0
21,0
21,0
21,0
21,0
21,0
21,0
21,0
21,0
21,0
21,0
21,-0.5
21,0.5
21,0
21,0
21,0
21,0
21,0
21,0
21,0
21,0
21,0
21,-0.5
21,0.5
21,0
21,0
21,-0.5
21,0
21,0.5
21,0
21,0
21,0
22,-2
22,0
22,0.5
22,0.5
22,0.5
22,0
22,0
22,-1.5
22,-2.5
22,0
22,1
22,0
22,0
22,-0.5
22,0
22,0
22,1.5
22,0
22,0
22,0
22,0
22,-0.5
22,-1
22,1.5
22,-1
22,0
22,0
22,1
22,0
22,0
22,0
22,0
22,0.5
22,0.5
22,1
22,0
22,0.5
22,0
22,0.5
22,-0.5
22,0
22,1.5
22,-0.5
22,0
22,0.5
22,0
22,0
22,0
22,0
22,0
22,0
22,0
22,0
22,0
22,0
22,0
22,0
22,0
22,0
22,-0.5
22,0.5
22,0
22,0
22,0
22,0
22,0
22,0
22,0
22,0
22,-0.5
22,0
22,0.5
22,0
22,0
22,0
22,0
22,0.5
22,0
22,0
22,0.5
22,0
22,0
22,-1.5
22,1
22,0.5
22,0
22,0
22,0
22,0
22,0
22,0
22,0
22,0
22,0
22,0
22,0
22,0
22,-0.5
22,0
22,0
22,0.5
22,0
22,0
22,0
22,0
22,0
22,0
22,-0.5
22,0
22,0.5
22,-0.5
22,0
22,0.5
22,0
22,0
22,0
22,0
22,0
22,0
22,0
22,0
22,0
22,0
22,0
22,0
22,0
22,0
22,0
22,-0.5
22,0
22,0.5
22,0
22,0
22,0
22,0
22,-0.5
22,0
22,0
22,0.5
22,-0.5
22,0.5
22,0
22,0
22,0
22,0
22,0
22,0
22,0
22,0
22,0
22,0
22,0
22,0
22,0
22,0
22,0
22,0
22,-0.5
22,0
22,0.5
22,0
22,0
22,0
22,0
22,0
22,0
22,0
22,0
22,0
22,0
22,0
22,0
22,0
22,-0.5
22,0.5
22,-0.5
22,0
22,0
22,0.5
22,0
22,0
22,0
22,0
22,0
22,-0.5
22,0
22,0
22,0.5
22,0
22,0
22,0
22,0
22,0
22,0
22,0
22,0
22,0
22,0
22,0
22,0
22,0
22,0
22,0
22,0
22,0
22,0
22,0
22,0
22,0
22,0
22,0
22,0
22,0
22,0
22,0
22,0
22,0
22,0
22,0
22,0
22,0
22,0
22,0
22,0
22,0
22,0
22,0
22,0
22,0
22,0
22,0
22,0
22,-0.5
22,0
22,0.5
22,0
22,0
22,0
22,0
22,0
22,0
22,0
22,0
22,0
22,0
22,0
22,0
22,0.5
22,0.5
22,0
22,0
22,0
22,-0.5
22,0.5
22,0
22,0
22,0
22,0
22,0
22,0
22,0
22,0
22,0
22,0
22,0
22,0
22,-0.5
22,0.5
22,0
22,0
22,-0.5
22,0
22,0.5
22,0
22,0
22,-0.5
22,0
22,0.5
22,0
22,0
22,0
22,-0.5
22,0
22,0.5
22,0
22,0
22,0
22,0
23,-3.5
23,0
23,0.5
23,0
23,0
23,0
23,0.5
23,-2
23,1
23,0.5
23,0.5
23,0
23,0
23,1
23,0
23,0
23,0
23,-0.5
23,0.5
23,0
23,0
23,-0.5
23,0
23,0.5
23,-0.5
23,0
23,0.5
23,0
23,0
23,0
23,-0.5
23,0
23,0.5
23,0
23,0
23,0
23,0
23,0
23,0
23,0
23,0
23,0.5
23,0.5
23,0
23,0.5
23,-1
23,1
23,0.5
23,0
23,-0.5
23,0
23,-1
23,1.5
23,0
23,0
23,0
23,0.5
23,0
23,0.5
23,0
23,0
23,1
23,0
23,0
23,0
23,-0.5
23,-0.5
23,0
23,0.5
23,0
23,0.5
23,0
23,-0.5
23,0.5
23,0
23,0
23,0
23,-1.5
23,0
23,0
23,0.5
23,-0.5
23,0
23,0
23,1.5
23,0
23,0
23,0
23,-0.5
23,0
23,0
23,0
23,0
23,0.5
23,-1.5
23,1
23,0.5
23,-0.5
23,0
23,-0.5
23,0
23,0
23,0
23,0
23,-0.5
23,0
23,0.5
23,-0.5
23,0
23,0.5
23,-0.5
23,0
23,0
23,0
23,-0.5
23,-0.5
23,-0.5
23,-1
23,0
23,0
23,0
23,0
23,0
23,0
23,0
23,0.5
23,0
23,0
23,0.5
23,-0.5
23,0.5
23,0
23,0
23,0
23,-0.5
23,0
23,0.5
23,-0.5
23,1
23,0
23,0
23,1.5
23,0
23,0.5
23,0.5
23,-0.5
23,0
23,0.5
23,-0.5
23,0.5
23,0
23,0
23,0
23,0
23,0
23,0.5
23,0.5
23,0
23,0
23,0
23,0
23,0
23,0
23,0
23,-0.5
23,0.5
23,-0.5
23,0.5
23,0
23,0
23,-0.5
23,0
23,0
23,0
23,-1
23,1
23,0.5
23,-1.5
23,1
23,0.5
23,-0.5
23,0
23,0.5
23,0
23,0
23,0
23,0
23,0
23,-0.5
23,-1
23,0
23,1.5
23,-1.5
23,0
23,-0.5
23,-0.5
23,-1
23,1
23,-1
23,0
23,0.5
23,-0.5
23,1
23,-1
23,1
23,0.5
23,0
23,-0.5
23,0.5
23,0
23,0.5
23,0
23,0
23,-0.5
23,0.5
23,0
23,0.5
23,-1.5
23,1
23,0.5
23,0.5
23,0
23,0.5
23,-0.5
23,0.5
23,-0.5
23,-0.5
23,-0.5
23,0
23,0
23,1
23,0
23,-1
23,1
23,0.5
23,0
23,0
23,0
23,0
23,0
23,-0.5
23,0
23,0.5
23,0
23,-0.5
23,0.5
23,0
23,0
23,0
23,0
23,0
23,0
23,0
23,0
23,0
23,0
23,0
23,0
23,0
23,0
23,0
23,0
23,0
23,0
23,0
23,0
23,0
23,0
23,0
23,0
23,0
23,0
23,0
23,0
23,0
23,0
23,0
23,0
23,0
23,0
23,0
23,0
23,0
23,0
23,0
23,0
23,0
23,0
24,0.5
24,-1
24,-1
24,0
24,-1
24,-0.5
24,0
24,0
24,1
24,0
24,0.5
24,0.5
24,1.5
24,1
24,0
24,0.5
24,-0.5
24,0.5
24,-1.5
24,0.5
24,0.5
24,1
24,1
24,1
24,1
24,0.5
24,0
24,0
24,0
24,0
24,1
24,-0.5
24,0.5
24,0
24,-0.5
24,0.5
24,0
24,0
24,0
24,0
24,0
24,-0.5
24,0.5
24,0
24,0
24,0
24,-0.5
24,0.5
24,-0.5
24,0.5
24,-0.5
24,0
24,0
24,0
24,0.5
24,0
24,0
24,0
24,-1.5
24,1.5
24,-1.5
24,1.5
24,0
24,0
24,0
24,0
24,0
24,-0.5
24,0
24,0.5
24,0
24,0.5
24,-1
24,0
24,-0.5
24,-0.5
24,0.5
24,0.5
24,-0.5
24,-0.5
24,0.5
24,-0.5
24,0
24,0
24,0
24,1
24,0.5
24,0
24,0
24,0
24,-0.5
24,0.5
24,-0.5
24,0
24,-1
24,-1.5
24,2
24,-1.5
24,0
24,0.5
24,0
24,0.5
24,0
24,0
24,0
24,0.5
24,0
24,0
24,0
24,-0.5
24,0.5
24,0
24,0
24,0
24,0
24,0
24,0
24,0
24,0
24,0
24,0
24,0
24,0
24,0
24,1
24,0
24,0
24,0
24,-0.5
24,0
24,0
24,0
24,0.5
24,1
24,0
24,0
24,-0.5
24,0
24,0
24,0.5
24,0
24,-0.5
24,0
24,1.5
24,0
24,0
24,-0.5
24,-0.5
24,0
24,-0.5
24,1
24,0.5
24,0
24,0
24,0
24,0
24,0
24,0
24,0
24,0
24,0
24,0
24,0
24,0
24,0
24,0
24,0
24,0
24,0
24,0
24,0
24,0
24,0
24,-0.5
24,0
24,0
24,0.5
24,0
24,0
24,0
24,0
24,0
24,0
24,0
24,0
24,0
24,0
24,-0.5
24,0
24,0.5
24,-0.5
24,0.5
24,0
24,0
24,0
24,0
24,0
24,0
24,-0.5
24,0
24,0
24,0.5
24,-0.5
24,0.5
24,-0.5
24,0.5
24,-0.5
24,0.5
24,0
24,0
24,0
24,0
24,0
24,0
24,-0.5
24,0
24,0
24,0
24,0
24,0.5
24,0
24,0
24,0
24,0
24,0
24,0
24,0
24,0
24,-0.5
24,0.5
24,-0.5
24,0.5
24,0
24,0
24,0
24,-0.5
24,0
24,0.5
24,-0.5
24,0.5
24,0
24,-0.5
24,0.5
24,0
24,0
24,0
24,0
24,0
24,-0.5
24,0.5
24,-0.5
24,0
24,0
24,0
24,0.5
24,0
24,-0.5
24,0
24,0.5
24,0
24,0
24,0
24,0
24,-0.5
24,0.5
24,0
24,0
24,0
24,0
24,0
24,0
24,0
24,0
24,0
24,0
24,0
24,0
24,0
24,0
24,0
24,0
24,0
24,0
24,0
24,0
24,-0.5
24,0.5
24,0
25,0
25,-2.5
25,-1.5
25,0.5
25,0
25,-1
25,1
25,0.5
25,-1.5
25,0
25,-0.5
25,0.5
25,0.5
25,0
25,0
25,0.5
25,0
25,0.5
25,0
25,0
25,0
25,0
25,0.5
25,0.5
25,0
25,-0.5
25,0
25,0
25,1
25,-0.5
25,1
25,0
25,0
25,0
25,0
25,0
25,0.5
25,-2
25,0.5
25,0
25,-0.5
25,0.5
25,-0.5
25,-0.5
25,0.5
25,-1
25,0
25,0
25,0.5
25,0
25,-0.5
25,0
25,0.5
25,0
25,0
25,-0.5
25,0
25,0.5
25,0
25,0
25,0
25,-0.5
25,0
25,0.5
25,0
25,0
25,0
25,0
25,0
25,0
25,0
25,0.5
25,0.5
25,-0.5
25,0
25,0
25,0.5
25,-0.5
25,0
25,0.5
25,0
25,0
25,0
25,0
25,-0.5
25,0.5
25,0
25,0
25,0
25,-0.5
25,0
25,0.5
25,-0.5
25,0
25,0
25,0
25,0.5
25,0
25,0
25,0
25,0
25,-0.5
25,0
25,0.5
25,0
25,0
25,0
25,0
25,0
25,0
25,0
25,0
25,0
25,0
25,0
25,0
25,0
25,0
25,-0.5
25,0.5
25,0
25,0
25,0
25,0
25,0
25,0
25,0
25,-0.5
25,0.5
25,0
25,0
25,0
25,0
25,0
25,0
25,0
25,0
25,0
25,0
25,0
25,0
25,0
25,0
25,0
25,0
25,0
25,0
25,0
25,0
25,0
25,0
25,0
25,0
25,0
25,0
25,0
25,0
25,0
25,0
25,0
25,0
25,0
25,0
25,-0.5
25,0
25,0.5
25,0
25,0
25,0
25,0
25,0
25,0
25,0
25,-0.5
25,0.5
25,0
25,0
25,0
25,0
25,-0.5
25,1.5
25,-1.5
25,0
25,1
25,0.5
25,-0.5
25,0
25,0
25,-1.5
25,2
25,0
25,0
25,0
25,-0.5
25,0
25,0.5
25,-0.5
25,0
25,0
25,0
25,0
25,0
25,0
25,0.5
25,-0.5
25,0
25,0.5
25,-0.5
25,0.5
25,0
25,0
25,0
25,0
25,0
25,0
25,0
25,0
25,0
25,0
25,0
25,0
25,0
25,0
25,0
25,0
25,0
25,0
25,0
25,0
25,0
25,0
25,0
25,0
25,0
25,0
25,0
25,-0.5
25,0.5
25,-0.5
25,0
25,0
25,0.5
25,0
25,0
25,0
25,-0.5
25,0.5
25,0
25,-0.5
25,0.5
25,0
25,0
25,0
25,0
25,0
25,0
25,-0.5
25,0.5
25,0
25,0
25,-0.5
25,0.5
25,-0.5
25,0
25,0.5
25,-0.5
25,0
25,0.5
25,0
25,-0.5
25,0
25,0.5
25,0
25,0
25,0
25,0
25,0
25,0
25,0
25,0
25,0
25,0
25,0
25,0
25,0
25,0
25,0
25,0
26,2
26,-0.5
26,1
26,3
26,3.5
26,2
26,6.5
26,-2.5
26,0
26,0
26,-1
26,0.5
26,-0.5
26,1.5
26,0.5
26,-1
26,1.5
26,0
26,0.5
26,1
26,0
26,-1
26,1.5
26,-0.5
26,0
26,0.5
26,0
26,0
26,-0.5
26,-1
26,0
26,0
26,0
26,0.5
26,-0.5
26,0
26,0
26,0
26,0.5
26,0
26,0.5
26,0.5
26,0
26,-0.5
26,0.5
26,0
26,0
26,0
26,0
26,0
26,0
26,0
26,0
26,0
26,0
26,0
26,-0.5
26,0.5
26,0
26,0
26,0
26,-0.5
26,0
26,0
26,0
26,0.5
26,0
26,-0.5
26,0.5
26,-0.5
26,0
26,0.5
26,1
26,0
26,0
26,0
26,0
26,-0.5
26,0.5
26,-0.5
26,0.5
26,0
26,-0.5
26,0
26,0.5
26,-0.5
26,0.5
26,0
26,0
26,0
26,0
26,0
26,0
26,0
26,0
26,0
26,0
26,0
26,0
26,0
26,0
26,0
26,0
26,0
26,0
26,0
26,-0.5
26,0.5
26,0
26,0
26,0
26,0
26,0
26,0
26,0
26,-0.5
26,0.5
26,0
26,-0.5
26,0
26,0.5
26,0
26,0
26,0
26,0
26,0
26,0
26,0
26,0
26,-0.5
26,0
26,0
26,0.5
26,0
26,0
26,-0.5
26,0.5
26,0
26,0
26,0
26,0
26,-0.5
26,0.5
26,-0.5
26,0.5
26,0
26,0
26,0
26,-0.5
26,0
26,0
26,0.5
26,0
26,0
26,0
26,0
26,-0.5
26,0
26,0
26,0
26,0.5
26,0
26,0
26,0
26,-0.5
26,0
26,0
26,-0.5
26,0
26,-0.5
26,0
26,0.5
26,-0.5
26,0
26,0
26,0.5
26,-0.5
26,0.5
26,-0.5
26,0
26,0.5
26,0
26,-0.5
26,0
26,0.5
26,-0.5
26,0
26,1
26,0
26,0.5
26,0
26,0
26,0
26,0
26,0
26,0
26,-0.5
26,-1
26,2.5
26,0
26,-0.5
26,0.5
26,0
26,-0.5
26,0
26,0
26,0.5
26,0
26,0
26,0
26,-0.5
26,0.5
26,-0.5
26,0.5
26,0
26,0
26,0
26,0
26,-0.5
26,0
26,0.5
26,-0.5
26,0.5
26,-0.5
26,0
26,0
26,0.5
26,0
26,0
26,0
26,-0.5
26,0
26,0
26,0
26,0.5
26,0
26,0
26,0
26,0
26,0
26,0
26,0
26,0
26,0
26,0
26,0
26,0
26,0
26,0
26,0
26,0
26,-0.5
26,0.5
26,-0.5
26,0
26,0.5
26,0
26,-0.5
26,0.5
26,0
26,0
26,0
26,0
26,0
26,0
26,0
26,0
26,0
26,0
26,0
26,0
26,0
26,0
26,0
26,0
26,0
26,0
26,0
26,0
26,0
26,0
26,0
26,0
26,0
26,0
26,0
26,0
26,0
27,0
27,1
27,1.5
27,-2
27,2.5
27,-1.5
27,-1.5
27,0.5
27,0.5
27,0
27,0
27,0
27,-1
27,-0.5
27,0
27,1.5
27,0
27,-1.5
27,2
27,1.5
27,-0.5
27,0.5
27,1
27,0
27,0
27,0
27,0
27,0.5
27,0
27,0
27,1.5
27,0
27,0
27,0
27,0
27,0
27,0
27,-0.5
27,0
27,0
27,0
27,0.5
27,0
27,0
27,0
27,-0.5
27,0
27,0
27,-0.5
27,1
27,0
27,0
27,0
27,1
27,0
27,-0.5
27,0
27,0
27,0.5
27,-0.5
27,-1
27,1.5
27,0
27,-0.5
27,-1
27,0
27,0.5
27,0
27,0
27,0
27,0
27,0
27,0
27,0
27,0.5
27,0.5
27,0
27,0
27,-0.5
27,0
27,0.5
27,0
27,0
27,0
27,0
27,-0.5
27,0
27,0
27,0
27,0
27,0.5
27,-0.5
27,0.5
27,0
27,-0.5
27,0
27,0
27,0
27,0
27,0.5
27,-0.5
27,0
27,0
27,0
27,0
27,0.5
27,0
27,0
27,0
27,0
27,0
27,0
27,0
27,0
27,-0.5
27,0
27,0
27,0.5
27,0
27,0
27,-0.5
27,0.5
27,0
27,0
27,-0.5
27,0.5
27,-0.5
27,0
27,0.5
27,0
27,0
27,0
27,0
27,0
27,0
27,0
27,0
27,0
27,0
27,0
27,0
27,0
27,0
27,0
27,-0.5
27,0.5
27,-0.5
27,0
27,0.5
27,-0.5
27,0
27,0
27,0.5
27,-0.5
27,0.5
27,-0.5
27,0.5
27,-0.5
27,0
27,0.5
27,-0.5
27,0
27,0
27,0
27,0
27,0.5
27,0
27,-0.5
27,0
27,0.5
27,0
27,-0.5
27,0.5
27,0
27,0
27,-0.5
27,0.5
27,-0.5
27,0.5
27,-0.5
27,0
27,0.5
27,-0.5
27,0
27,-1
27,1
27,0
27,0.5
27,0
27,0
27,0
27,0
27,0
27,0
27,0
27,0
27,-0.5
27,0.5
27,0
27,0
27,0
27,0
27,0
27,0
27,0
27,0
27,0
27,0
27,0
27,-0.5
27,0
27,1
27,0.5
27,0
27,-1.5
27,0
27,1
27,-1
27,1.5
27,-0.5
27,0
27,0.5
27,0
27,0
27,-0.5
27,0.5
27,-0.5
27,0
27,0.5
27,0
27,0
27,0
27,0
27,0
27,0
27,0
27,0
27,-0.5
27,0.5
27,0
27,0
27,0
27,0
27,-0.5
27,0.5
27,0
27,0
27,-0.5
27,0.5
27,0
27,0
27,0
27,0
27,-0.5
27,0
27,0.5
27,0
27,0
27,0
27,0
27,-0.5
27,0.5
27,0
27,-0.5
27,0.5
27,-0.5
27,0
27,0.5
27,-0.5
27,0.5
27,-0.5
27,0.5
27,0
27,0
27,0
27,0
27,0
27,0
27,-0.5
27,0.5
27,0
27,0
27,0
27,0
27,0
27,0
27,0
27,0
28,-0.5
28,0.5
28,0
28,0
28,0
28,0
28,-1
28,1
28,0.5
28,1
28,0
28,1
28,-1
28,0
28,0.5
28,1
28,-0.5
28,0.5
28,0
28,0
28,-1
28,-1.5
28,1
28,-3
28,-0.5
28,0.5
28,0
28,-1.5
28,-0.5
28,0
28,0
28,1.5
28,0
28,0
28,-0.5
28,0
28,0
28,-1
28,0.5
28,0
28,1
28,0
28,0
28,0
28,0
28,0
28,-0.5
28,0.5
28,0
28,0
28,0
28,0
28,0
28,0
28,0
28,0
28,0
28,0
28,0
28,0
28,0
28,0
28,0
28,0
28,-0.5
28,0.5
28,0
28,0
28,0
28,0
28,0
28,0.5
28,-1
28,1.5
28,0
28,0
28,0.5
28,0
28,0
28,0.5
28,-0.5
28,1
28,-0.5
28,1
28,0
28,0
28,0
28,0
28,0
28,0
28,0
28,0
28,0
28,0
28,0
28,0
28,0
28,0
28,0
28,0
28,0
28,0
28,0
28,-0.5
28,0
28,0.5
28,0
28,0
28,0
28,0
28,0
28,0
28,-0.5
28,-1
28,0.5
28,-1
28,0.5
28,-1
28,-0.5
28,0
28,-0.5
28,0
28,2
28,0
28,0
28,1.5
28,0
28,0
28,0
28,0
28,0
28,0
28,0
28,0
28,0
28,0
28,0
28,0
28,0
28,0
28,0
28,-0.5
28,0.5
28,0
28,0
28,0
28,0
28,-0.5
28,0
28,0.5
28,0
28,0
28,-0.5
28,0.5
28,0
28,-0.5
28,0.5
28,0
28,-0.5
28,0.5
28,-0.5
28,0
28,0.5
28,0
28,0
28,0
28,0
28,0
28,0
28,0
28,0
28,0
28,0
28,0
28,0
28,0
28,0
28,0
28,0
28,-0.5
28,0.5
28,-0.5
28,0.5
28,-0.5
28,0.5
28,0
28,0
28,0
28,0
28,-0.5
28,0.5
28,0
28,0
28,0
28,0
28,-0.5
28,1
28,0.5
28,0
28,0
28,0
28,0
28,-0.5
28,0.5
28,-1.5
28,1
28,0.5
28,-1.5
28,0
28,0.5
28,0
28,-0.5
28,0.5
28,0
28,0
28,-0.5
28,0
28,1
28,-1
28,1
28,0
28,0
28,0.5
28,-0.5
28,0.5
28,-0.5
28,0.5
28,0
28,0
28,-0.5
28,0
28,0.5
28,0
28,0
28,0
28,0
28,-0.5
28,0
28,0
28,0.5
28,0
28,-0.5
28,0.5
28,0
28,0
28,0
28,0
28,0
28,0
28,0
28,0
28,-0.5
28,0
28,0.5
28,-0.5
28,0.5
28,-0.5
28,0
28,0.5
28,0
28,0
28,0
28,0
28,0
28,0
28,0
28,0
28,0
28,-0.5
28,0.5
28,0
28,0
28,-0.5
28,0.5
28,0
28,0
28,0
28,0
28,0
28,-0.5
28,0
28,0
28,0.5
28,0
28,-0.5
28,0
28,0
28,0.5
29,-0.5
29,1
29,0
29,0
29,-1
29,0
29,0.5
29,1
29,0
29,-0.5
29,0
29,0
29,0.5
29,-0.5
29,-1
29,0
29,0
29,0.5
29,-0.5
29,0
29,-1
29,1
29,0
29,-1
29,-1
29,1.5
29,-0.5
29,1
29,-2
29,0
29,-0.5
29,0
29,0
29,0
29,0
29,-0.5
29,0.5
29,1
29,0
29,0
29,-1
29,0.5
29,-1
29,1.5
29,0
29,-0.5
29,0.5
29,-0.5
29,0
29,0.5
29,0
29,-0.5
29,0
29,0.5
29,-0.5
29,0.5
29,0
29,0
29,0
29,1
29,-0.5
29,0.5
29,0
29,0
29,0
29,-0.5
29,0
29,0.5
29,0
29,0
29,0
29,-0.5
29,0
29,0.5
29,0
29,0
29,0
29,-0.5
29,0.5
29,0
29,-0.5
29,0.5
29,0.5
29,0.5
29,-0.5
29,0.5
29,0
29,0
29,0
29,-0.5
29,0.5
29,0
29,0
29,0
29,0
29,0
29,0
29,0
29,0
29,0
29,0
29,-0.5
29,0.5
29,0
29,-0.5
29,0
29,0
29,0
29,0
29,0.5
29,0
29,0
29,0
29,0
29,0
29,0
29,-0.5
29,0
29,0
29,0.5
29,0
29,0
29,0
29,0
29,0
29,0
29,0
29,0
29,0
29,0
29,0
29,-0.5
29,0.5
29,0
29,0
29,-0.5
29,0.5
29,-0.5
29,0.5
29,-0.5
29,0.5
29,-0.5
29,0.5
29,0
29,0
29,0
29,0
29,0
29,0
29,-0.5
29,0.5
29,0
29,0
29,0
29,0
29,0
29,0
29,0
29,0
29,0
29,0
29,0
29,0
29,0
29,0
29,-0.5
29,0
29,0
29,0
29,0
29,0.5
29,0
29,0
29,-0.5
29,0
29,0
29,0.5
29,-0.5
29,0.5
29,-0.5
29,0.5
29,-0.5
29,0.5
29,0
29,0
29,-0.5
29,0.5
29,0
29,0
29,1
29,0
29,0
29,-0.5
29,0
29,0.5
29,0
29,0
29,-0.5
29,0
29,0.5
29,0
29,0
29,0
29,-0.5
29,0
29,0.5
29,0
29,0
29,-0.5
29,0
29,0.5
29,-0.5
29,0.5
29,0
29,0
29,0
29,0
29,0
29,0
29,0
29,0
29,0
29,0
29,0
29,0
29,0
29,0
29,0
29,0
29,0
29,0
29,0
29,0
29,0
29,0
29,0
29,0
29,0
29,0
29,0
29,0
29,0
29,0
29,0
29,0
29,0
29,0
29,0
29,0
29,0
29,0
29,0
29,-0.5
29,0.5
29,0
29,-0.5
29,0
29,0.5
29,-0.5
29,0.5
29,-0.5
29,0
29,0
29,0.5
29,0
29,0
29,0
29,-0.5
29,0.5
29,0
29,0
29,0
29,-0.5
29,0
29,0.5
29,-0.5
29,-1
29,-0.5
29,0
29,0
29,0
29,0.5
29,0
29,0.5
29,0
29,-0.5
29,0.5
29,0
30,0.5
30,-0.5
30,0
30,1
30,0.5
30,0
30,0
30,0
30,-0.5
30,-1.5
30,0.5
30,1.5
30,-1.5
30,-1
30,-0.5
30,0
30,-1
30,0
30,0.5
30,0
30,0
30,0.5
30,0.5
30,0.5
30,0.5
30,0.5
30,0
30,-0.5
30,0
30,0
30,0.5
30,-0.5
30,0
30,1.5
30,0
30,0
30,0
30,0
30,0
30,0
30,0
30,-0.5
30,0.5
30,-0.5
30,0
30,0.5
30,0
30,0
30,0
30,0
30,-0.5
30,0.5
30,0
30,-0.5
30,0
30,0.5
30,0
30,0
30,0
30,0
30,0
30,-0.5
30,0.5
30,0
30,-0.5
30,0.5
30,-0.5
30,0.5
30,0
30,-0.5
30,0
30,0
30,0
30,0
30,0
30,0
30,0.5
30,0
30,1
30,0
30,-1.5
30,0
30,0
30,0.5
30,-0.5
30,1
30,0
30,-1
30,0.5
30,1
30,0
30,0
30,-0.5
30,0
30,0.5
30,0
30,0
30,0
30,0
30,0
30,0
30,-0.5
30,0
30,0.5
30,0
30,-0.5
30,0.5
30,0
30,-0.5
30,0.5
30,0
30,0
30,0
30,-0.5
30,0
30,0.5
30,0
30,-0.5
30,0.5
30,0
30,0
30,0
30,0
30,-0.5
30,0.5
30,-0.5
30,0.5
30,0
30,0
30,0
30,1
30,0
30,0
30,0
30,0
30,-0.5
30,0
30,0
30,0
30,0
30,0
30,0.5
30,-0.5
30,0.5
30,-0.5
30,0.5
30,0
30,0
30,0
30,-0.5
30,0
30,0.5
30,-0.5
30,0.5
30,0
30,0
30,0
30,0
30,0
30,0
30,0
30,0
30,0
30,0
30,0
30,0
30,0
30,0
30,0
30,0
30,0
30,0
30,0
30,0
30,0
30,0
30,-0.5
30,0.5
30,0
30,0
30,0
30,0
30,0
30,-0.5
30,0
30,0
30,0
30,0
30,0.5
30,0
30,0
30,0
30,-0.5
30,0.5
30,-0.5
30,0
30,0
30,0
30,0.5
30,-0.5
30,0
30,0.5
30,-0.5
30,0
30,0
30,1.5
30,0
30,0
30,0
30,-0.5
30,0
30,0.5
30,0
30,0
30,0
30,0
30,0
30,0
30,0
30,-0.5
30,0.5
30,0
30,0
30,0
30,0
30,0
30,0
30,0
30,0
30,0
30,0
30,0
30,0
30,-0.5
30,0.5
30,0
30,0
30,0
30,0
30,0
30,-0.5
30,0
30,0.5
30,-0.5
30,0
30,0.5
30,0
30,-0.5
30,0
30,0.5
30,0
30,0
30,0
30,0
30,0
30,0
30,0
30,-0.5
30,0.5
30,-0.5
30,0
30,-1.5
30,0.5
30,0
30,0
30,0
30,0
30,0
30,-1
30,1
30,1
30,0
30,0
30,0
30,-1
30,1.5
30,0
30,0
30,0
30,0
30,0
30,-0.5
30,0.5
30,-0.5
30,0
30,0.5
30,0
30,0
31,1.5
31,0.5
31,0.5
31,1.5
31,0
31,2
31,1
31,0
31,0
31,0.5
31,-0.5
31,0
31,0.5
31,-0.5
31,0
31,0
31,0.5
31,0
31,0
31,-0.5
31,0
31,0
31,0.5
31,-1
31,-0.5
31,1
31,-1
31,-2
31,0.5
31,1.5
31,1
31,-1
31,1
31,0
31,-1
31,1
31,0
31,-2
31,1
31,0.5
31,-1.5
31,0
31,0
31,-1
31,1.5
31,-3
31,1
31,-0.5
31,0
31,1
31,3
31,0.5
31,0.5
31,0.5
31,1
31,0
31,0
31,0
31,0.5
31,0
31,0.5
31,0
31,0
31,-0.5
31,0
31,0
31,0.5
31,0
31,0
31,0
31,0
31,0
31,0
31,-0.5
31,0
31,0.5
31,0
31,0
31,0
31,0
31,0
31,-0.5
31,0
31,0
31,0
31,0.5
31,0
31,0
31,0
31,0
31,0
31,0
31,0
31,0
31,0
31,0
31,0
31,0
31,-0.5
31,0
31,0
31,0.5
31,-0.5
31,0
31,0.5
31,-0.5
31,0.5
31,0
31,0
31,-0.5
31,0
31,0.5
31,0
31,0
31,0
31,0
31,0
31,0
31,0
31,0
31,0
31,0
31,0
31,0
31,0
31,0
31,0
31,0
31,0
31,0
31,0
31,0
31,0
31,0
31,0
31,0
31,0
31,0
31,0
31,0
31,0
31,0
31,0
31,0
31,0
31,0
31,0
31,0
31,0
31,0
31,0
31,0
31,0
31,0
31,0
31,0
31,0
31,-0.5
31,0
31,0.5
31,0
31,0
31,-0.5
31,0.5
31,0
31,-0.5
31,0.5
31,-0.5
31,0.5
31,0
31,-0.5
31,0
31,0
31,0
31,0
31,0
31,0.5
31,0
31,0
31,0
31,-0.5
31,0.5
31,0
31,0
31,0
31,0
31,0
31,0
31,-0.5
31,0
31,0.5
31,0
31,0
31,0
31,0
31,0
31,0
31,0
31,-0.5
31,0
31,0.5
31,0
31,0
31,0
31,0
31,-0.5
31,0.5
31,0
31,-0.5
31,0
31,0.5
31,-0.5
31,0.5
31,0
31,0
31,0
31,0.5
31,0.5
31,0
31,0
31,-0.5
31,0
31,0.5
31,0
31,0
31,0
31,0
31,-0.5
31,0.5
31,0
31,0
31,-0.5
31,0
31,0.5
31,0
31,0
31,0
31,0
31,0
31,0
31,0
31,-0.5
31,0.5
31,0
31,0
31,-0.5
31,0.5
31,0
31,0
31,0
31,0
31,0
31,0
31,0
31,0
31,0
31,0
31,0
31,0
31,0
31,0
31,0
31,0
31,0
31,0
31,0
31,-0.5
31,0
31,0.5
31,0
31,0
31,0
31,0
31,0
31,0
31,0
31,0
31,0
31,0
31,0
31,0
31,0
31,0
31,0
31,0
31,0
31,0
31,0
32,-0.5
32,0
32,0.5
32,3
32,-0.5
32,1
32,1.5
32,0
32,0
32,0
32,1
32,0
32,0
32,0
32,0
32,0.5
32,0.5
32,0
32,0
32,0.5
32,0.5
32,-0.5
32,0.5
32,0
32,0
32,0
32,0
32,0
32,0
32,-0.5
32,0.5
32,0
32,-0.5
32,-1
32,0.5
32,0
32,0
32,0
32,0
32,-0.5
32,-1
32,0
32,0
32,1
32,-1
32,-1
32,0
32,0
32,1
32,-1
32,0
32,0.5
32,0
32,-1.5
32,1.5
32,0
32,0
32,-0.5
32,-1
32,0
32,1
32,-1
32,1.5
32,-0.5
32,0
32,0.5
32,0
32,0
32,-0.5
32,1.5
32,0
32,1
32,0
32,-2.5
32,2.5
32,0
32,0
32,0.5
32,0
32,0.5
32,0
32,0
32,-0.5
32,0
32,0.5
32,0
32,-0.5
32,0
32,0.5
32,0
32,0
32,0
32,-0.5
32,0
32,0
32,0
32,-1
32,0.5
32,0.5
32,0
32,1.5
32,0
32,-1.5
32,1.5
32,0
32,-1
32,1
32,-0.5
32,0.5
32,0
32,-0.5
32,-1
32,1.5
32,-0.5
32,0.5
32,0
32,0
32,0
32,0
32,-0.5
32,0
32,0.5
32,-0.5
32,0
32,0
32,0.5
32,0
32,0
32,0
32,0
32,0
32,-0.5
32,0.5
32,0
32,0
32,-0.5
32,0.5
32,0
32,-0.5
32,0.5
32,0
32,0
32,0
32,-0.5
32,0.5
32,1
32,0
32,0
32,0
32,0
32,0
32,0
32,0
32,0
32,0
32,0
32,0
32,0
32,0
32,0
32,-0.5
32,0
32,0
32,0
32,0.5
32,0
32,0
32,-1.5
32,-0.5
32,0.5
32,0
32,-1
32,1
32,0
32,1.5
32,0
32,-0.5
32,0
32,0.5
32,0
32,0
32,0
32,-1.5
32,-0.5
32,0
32,1
32,0
32,-0.5
32,0
32,-1
32,0.5
32,-0.5
32,0
32,1
32,-1
32,1
32,-0.5
32,0.5
32,0.5
32,0.5
32,0
32,0.5
32,-0.5
32,0
32,0.5
32,0
32,0
32,0
32,0
32,0
32,0
32,0
32,0
32,0
32,0
32,0
32,0
32,-0.5
32,0.5
32,0
32,0
32,0
32,-0.5
32,0
32,0.5
32,0
32,0
32,0
32,0
32,0
32,-0.5
32,0.5
32,0
32,0
32,-0.5
32,0
32,0
32,0
32,0.5
32,0
32,0
32,0
32,0
32,0
32,0
32,-0.5
32,0.5
32,0
32,0
32,0
32,0
32,0
32,0
32,0
32,-0.5
32,0.5
32,0
32,0
32,0
32,0
32,0
32,0
32,-0.5
32,0
32,0
32,0
32,0.5
32,-0.5
32,0
32,0
32,0.5
32,0
32,-0.5
32,0.5
32,0
32,-0.5
32,0.5
32,0
32,0
32,0
32,0.5
32,0.5
32,-0.5
32,0.5
32,-0.5
32,0.5
32,-0.5
32,0.5
33,0
33,1
33,1
33,-0.5
33,0
33,0
33,0.5
33,-0.5
33,1
33,0.5
33,0
33,1
33,0
33,1.5
33,0.5
33,-0.5
33,0.5
33,-0.5
33,0
33,1
33,0.5
33,0
33,0
33,0
33,0
33,0
33,0
33,-0.5
33,0
33,0
33,0
33,0
33,0.5
33,-1.5
33,0.5
33,0.5
33,0.5
33,-0.5
33,0
33,0.5
33,0.5
33,0
33,-2
33,0
33,2
33,-2
33,1.5
33,-0.5
33,-1
33,0.5
33,0
33,-1
33,0
33,-1
33,1
33,0
33,-1.5
33,-0.5
33,0
33,1
33,0.5
33,0
33,-1
33,-0.5
33,1
33,0.5
33,1
33,0.5
33,1
33,1
33,0
33,0
33,-0.5
33,0
33,0
33,0.5
33,0
33,0
33,0
33,0
33,-0.5
33,-1
33,-1
33,0
33,0.5
33,0.5
33,-0.5
33,1.5
33,0.5
33,0
33,-0.5
33,0.5
33,0
33,0.5
33,0.5
33,0
33,0
33,0
33,0
33,0
33,0
33,0
33,0
33,-0.5
33,0
33,0.5
33,-1.5
33,-0.5
33,-0.5
33,0
33,-0.5
33,-1
33,-1
33,2
33,0
33,-1.5
33,-0.5
33,0
33,0
33,0.5
33,0.5
33,-0.5
33,0
33,1.5
33,-0.5
33,0
33,1
33,0
33,0.5
33,-0.5
33,2.5
33,0
33,0
33,-0.5
33,0
33,0.5
33,-1
33,-0.5
33,1
33,-1
33,0
33,0
33,1.5
33,0
33,0
33,0
33,0
33,0
33,0
33,0
33,0
33,0
33,0
33,0
33,0
33,0
33,0
33,-0.5
33,0
33,0.5
33,0
33,0
33,0
33,0
33,0
33,0
33,0
33,0
33,0
33,0
33,0
33,0
33,-0.5
33,0
33,0
33,0
33,0
33,0.5
33,0
33,0
33,-0.5
33,0.5
33,0
33,0
33,0
33,0
33,0
33,0
33,0
33,0
33,0
33,0
33,0
33,0
33,0
33,0
33,0
33,0
33,0
33,-0.5
33,0.5
33,0.5
33,-1
33,1.5
33,0
33,0
33,0
33,-0.5
33,0.5
33,0
33,0
33,0
33,-0.5
33,0
33,0
33,0
33,0.5
33,0
33,0
33,0
33,0
33,0
33,0
33,0
33,0
33,0
33,0
33,-0.5
33,0
33,0.5
33,0
33,0
33,-0.5
33,0.5
33,0
33,0
33,0
33,0
33,0
33,0
33,0
33,0
33,0
33,0
33,0
33,0
33,-0.5
33,0
33,0.5
33,0
33,0
33,0
33,0
33,0
33,-0.5
33,0
33,0.5
33,0
33,0
33,0
33,0
33,0
33,0
33,0
33,0
33,0
33,0
33,0
33,0
33,0
33,-0.5
33,0
33,0.5
33,0
33,-0.5
33,0
33,0
33,0.5
33,-0.5
33,0.5
33,-0.5
33,0
33,0.5
33,0
33,0
33,0
33,0
33,0
34,0.5
34,1
34,0
34,0
34,0
34,0
34,2
34,0
34,0
34,-0.5
34,0.5
34,0
34,0
34,-1.5
34,-0.5
34,0.5
34,0.5
34,0
34,0
34,0
34,1
34,0
34,0
34,-0.5
34,0
34,0
34,0
34,0
34,0.5
34,-1.5
34,0
34,1
34,0.5
34,0
34,-0.5
34,0
34,0.5
34,0
34,0
34,0
34,-2
34,0
34,0.5
34,-1
34,1.5
34,0.5
34,0.5
34,0
34,0
34,0
34,0.5
34,0
34,0.5
34,0
34,0
34,0
34,0
34,0
34,0
34,-0.5
34,0
34,0.5
34,-0.5
34,0
34,0.5
34,-0.5
34,0.5
34,0
34,0
34,-0.5
34,0
34,0
34,0.5
34,0
34,0
34,0
34,0
34,0
34,0
34,0
34,0
34,-0.5
34,0.5
34,0
34,0
34,-0.5
34,0.5
34,-0.5
34,0
34,0
34,0.5
34,-0.5
34,0.5
34,-0.5
34,0
34,0
34,0
34,0.5
34,0
34,0
34,0
34,0
34,-0.5
34,0
34,0.5
34,-0.5
34,0.5
34,0
34,0
34,0
34,0
34,0
34,-0.5
34,0
34,0.5
34,0
34,0
34,0
34,0
34,-0.5
34,0
34,0.5
34,0
34,-0.5
34,0.5
34,-0.5
34,0.5
34,0
34,-0.5
34,0.5
34,0
34,0
34,0
34,-0.5
34,0
34,0.5
34,0
34,-0.5
34,0
34,0.5
34,0
34,0
34,0
34,0
34,0
34,0
34,0
34,0
34,0
34,0
34,0
34,0
34,0
34,-0.5
34,0.5
34,1
34,0
34,-0.5
34,0
34,0.5
34,0
34,0
34,0
34,0
34,0
34,0
34,-0.5
34,0
34,0
34,0.5
34,0
34,-0.5
34,0
34,0
34,0
34,0
34,0
34,0.5
34,0
34,0
34,0
34,0
34,0
34,0
34,0
34,0
34,-0.5
34,0.5
34,0
34,0
34,0
34,-0.5
34,0
34,0.5
34,-0.5
34,0
34,0
34,0.5
34,0
34,0
34,0
34,0
34,0
34,0
34,0
34,0
34,0
34,0
34,0
34,0
34,0
34,-0.5
34,0
34,0
34,0
34,0.5
34,0
34,0
34,0
34,0
34,0
34,0
34,0
34,-0.5
34,0.5
34,0
34,0
34,0
34,0
34,0
34,0
34,0
34,0
34,0
34,0
34,0
34,0
34,0
34,0
34,0
34,0
34,0
34,0
34,0
34,0
34,0
34,-0.5
34,0
34,0.5
34,-0.5
34,0
34,0.5
34,-0.5
34,0
34,0.5
34,-0.5
34,0.5
34,0
34,0
34,0
34,0
34,0
34,0
34,0
34,0
34,-0.5
34,0
34,0.5
34,0
34,0
34,0
34,0
34,0
34,0
34,0
34,0
34,-0.5
34,0.5
34,-0.5
34,0
34,0
34,0.5
34,0
34,0
34,0
34,0
34,0
34,0
35,0
35,2.5
35,0.5
35,-1.5
35,2
35,-0.5
35,0.5
35,-1
35,-1
35,1
35,-1
35,0
35,2
35,0.5
35,0
35,-1.5
35,0
35,-0.5
35,-0.5
35,-1
35,-1
35,0
35,0
35,-1
35,0.5
35,0
35,0
35,0
35,1
35,0
35,0
35,0
35,0
35,0.5
35,-1
35,-0.5
35,0
35,0
35,0.5
35,0.5
35,0.5
35,0.5
35,0
35,0
35,0
35,0
35,0
35,0
35,0
35,-0.5
35,0.5
35,0
35,0
35,0
35,0
35,0
35,0
35,0
35,0
35,1
35,-0.5
35,0.5
35,0
35,-0.5
35,0
35,0.5
35,0
35,0
35,0
35,-0.5
35,0.5
35,-1.5
35,1.5
35,0
35,0
35,0
35,-0.5
35,0.5
35,0
35,0
35,0
35,-0.5
35,0.5
35,-0.5
35,0.5
35,0
35,-0.5
35,0.5
35,0
35,0
35,0
35,0
35,0
35,0
35,0
35,0
35,0
35,0
35,0
35,0
35,0
35,0
35,0
35,-0.5
35,0.5
35,0
35,0
35,0
35,0
35,0
35,0
35,0
35,0
35,0
35,0
35,0
35,0
35,0
35,0
35,0
35,0
35,0
35,0
35,0
35,-0.5
35,1.5
35,0
35,-1.5
35,1.5
35,-0.5
35,0.5
35,0
35,-0.5
35,0
35,0.5
35,0
35,0.5
35,0.5
35,0
35,0
35,-0.5
35,0
35,0.5
35,0
35,0
35,-0.5
35,0
35,0
35,0.5
35,0
35,0
35,-0.5
35,0
35,0
35,0
35,0.5
35,-0.5
35,0
35,0.5
35,0
35,0
35,0
35,0
35,0
35,-0.5
35,0.5
35,0
35,0
35,0
35,0
35,-0.5
35,0
35,0
35,-1
35,0.5
35,-0.5
35,0
35,0
35,0.5
35,-0.5
35,-1
35,0
35,1.5
35,-1.5
35,1
35,0.5
35,-0.5
35,1
35,-1
35,-1
35,-0.5
35,0
35,0
35,0.5
35,1
35,0.5
35,0
35,-0.5
35,0.5
35,-0.5
35,0.5
35,1
35,0
35,0
35,0
35,-1.5
35,0
35,0.5
35,0
35,0.5
35,0
35,0.5
35,0
35,-0.5
35,0
35,0.5
35,0
35,0
35,0
35,0
35,0
35,0
35,0
35,1
35,-0.5
35,0.5
35,0
35,0
35,0
35,-0.5
35,0.5
35,0
35,0
35,-0.5
35,0.5
35,0
35,0
35,0
35,-0.5
35,0
35,0
35,0
35,0.5
35,0
35,0
35,0
35,-0.5
35,0
35,0
35,0.5
35,0
35,0
35,0
35,0
35,0
35,0
35,-0.5
35,0.5
35,0
35,0
35,0
35,0
35,-0.5
35,0.5
35,0
35,0
35,0
35,0
35,0
35,0
35,-0.5
35,0.5
35,0
35,-0.5
35,0
35,0.5
35,0
35,0
35,0
35,-0.5
35,0.5
35,0
35,-0.5
35,0.5
35,0
35,0
35,-0.5
35,0
36,2
36,2
36,0
36,0.5
36,-0.5
36,-1
36,1
36,0
36,1.5
36,-2.5
36,0.5
36,-1.5
36,-1
36,-0.5
36,0
36,0
36,0
36,0
36,0
36,0
36,-0.5
36,0.5
36,0
36,0
36,-0.5
36,0
36,0
36,0
36,1
36,0.5
36,1
36,0
36,0
36,0
36,0
36,0.5
36,0
36,-1
36,0
36,0.5
36,0
36,0
36,0
36,1
36,0
36,0
36,0
36,0
36,0
36,-0.5
36,0.5
36,-0.5
36,0
36,0.5
36,-0.5
36,0.5
36,0
36,0
36,-0.5
36,0
36,0
36,-1
36,1
36,0.5
36,0
36,0.5
36,0
36,0
36,0.5
36,0.5
36,0.5
36,0
36,0
36,0
36,0
36,0
36,0
36,0
36,0
36,-0.5
36,0.5
36,0
36,0
36,0
36,0
36,0
36,0
36,0
36,0
36,0
36,0
36,0
36,0
36,0
36,0
36,0
36,0
36,0
36,0
36,0
36,0
36,0
36,0
36,0
36,0
36,0
36,0
36,0
36,0
36,0
36,0
36,0
36,0
36,0
36,0
36,-0.5
36,0
36,0.5
36,0
36,-0.5
36,0.5
36,0
36,0
36,0
36,-0.5
36,0
36,0
36,0.5
36,-0.5
36,0.5
36,0
36,0
36,0
36,0
36,0
36,0
36,0
36,0
36,0
36,0
36,0
36,0
36,0
36,0
36,0
36,0
36,0
36,0
36,0
36,0
36,0
36,0.5
36,0
36,0.5
36,0
36,0
36,0
36,0
36,0
36,0
36,0
36,0
36,0
36,0
36,-0.5
36,0.5
36,0
36,0
36,0
36,0
36,0
36,0
36,0
36,-0.5
36,0.5
36,0
36,-0.5
36,0.5
36,0
36,-0.5
36,0.5
36,-0.5
36,0
36,0.5
36,0
36,-0.5
36,0
36,0.5
36,-0.5
36,0
36,0.5
36,0
36,0
36,0
36,0
36,0
36,0
36,0
36,0
36,0
36,0
36,0
36,0
36,0
36,0
36,0
36,0
36,0
36,0
36,0
36,-0.5
36,0.5
36,0
36,0
36,-0.5
36,0
36,0.5
36,0
36,-0.5
36,0.5
36,0
36,0
36,0
36,0
36,0
36,0
36,0
36,0
36,0
36,0
36,0
36,0
36,0
36,0
36,0
36,0
36,0
36,0
36,0
36,0
36,-0.5
36,0.5
36,-0.5
36,0
36,0
36,0
36,0.5
36,0
36,0
36,0
36,-0.5
36,0.5
36,-0.5
36,0
36,0
36,0.5
36,-0.5
36,0
36,0.5
36,0
36,0
36,0
36,0
36,-0.5
36,0.5
36,0
36,0
36,0
36,0
36,0
36,0
36,0
36,0
36,0
36,0
36,0
36,0
36,0
36,0
36,0
36,0
36,0
36,-0.5
36,0
36,0.5
36,0
36,-0.5
36,0.5
37,0
37,2
37,1.5
37,3
37,2.5
37,-0.5
37,1
37,1.5
37,0
37,0.5
37,0
37,2.5
37,0
37,0
37,1.5
37,0
37,0.5
37,0
37,0
37,0
37,0
37,-0.5
37,0.5
37,0
37,0.5
37,-1
37,0
37,0
37,0
37,1.5
37,0
37,0
37,0
37,0
37,-0.5
37,-1
37,-0.5
37,0.5
37,-2.5
37,-1
37,-0.5
37,0
37,0
37,2
37,0
37,-3
37,-0.5
37,0
37,-1
37,0.5
37,0
37,0
37,-0.5
37,0
37,-0.5
37,1.5
37,0
37,0
37,0
37,0
37,0
37,0
37,0
37,0
37,0
37,0.5
37,0.5
37,-0.5
37,0.5
37,0
37,0
37,0
37,-0.5
37,0
37,0.5
37,0
37,0
37,0
37,0
37,0
37,0
37,0
37,0
37,0
37,0
37,0
37,0
37,0
37,-0.5
37,0
37,0.5
37,0
37,0
37,0
37,0
37,0
37,0
37,0
37,0
37,0
37,0.5
37,0
37,0.5
37,0
37,0
37,0
37,0
37,-0.5
37,0
37,0.5
37,0
37,0
37,0
37,0
37,0
37,0
37,0
37,0
37,0
37,0
37,0
37,0
37,0
37,0
37,0
37,0
37,0
37,0
37,0
37,0
37,0
37,-0.5
37,0.5
37,-0.5
37,1.5
37,0
37,0
37,0
37,0
37,0.5
37,0.5
37,-0.5
37,0.5
37,-1.5
37,0.5
37,0
37,-0.5
37,0
37,0
37,0
37,1.5
37,0
37,0
37,-0.5
37,-0.5
37,1
37,0
37,0
37,0
37,0
37,0
37,-0.5
37,0
37,0.5
37,0
37,0
37,-0.5
37,0.5
37,-0.5
37,0.5
37,0
37,0
37,0
37,-0.5
37,0.5
37,0
37,0
37,0
37,0
37,-0.5
37,0.5
37,0
37,0
37,0
37,0
37,0
37,0
37,0
37,0
37,0
37,0
37,0
37,0
37,0
37,0
37,-0.5
37,0.5
37,0
37,0
37,0
37,0
37,-0.5
37,0
37,0.5
37,0
37,0
37,-0.5
37,0
37,0.5
37,0
37,0
37,0
37,0
37,0
37,0
37,0
37,0
37,0
37,0
37,0
37,0
37,0
37,0
37,0
37,0
37,0
37,-0.5
37,0
37,0.5
37,0
37,0
37,0
37,0
37,-0.5
37,0.5
37,-0.5
37,0
37,0
37,0.5
37,-0.5
37,0
37,0.5
37,0
37,0
37,0
37,0
37,0
37,0
37,-0.5
37,0.5
37,0
37,-0.5
37,0.5
37,0
37,0
37,0
37,0
37,0
37,0
37,0
37,0
37,0
37,0
37,0
37,0
37,0
37,0
37,0
37,0
37,0
37,0
37,-0.5
37,0
37,0
37,0
37,0.5
37,0
37,-0.5
37,0.5
37,-0.5
37,1
37,0.5
37,0
37,-0.5
37,0.5
37,0
37,0
37,0
38,0
38,0
38,-0.5
38,-0.5
38,-1.5
38,0
38,0
38,-1
38,0
38,-3
38,1
38,0
38,0
38,0
38,1
38,1
38,0.5
38,1.5
38,0
38,0.5
38,-2.5
38,-2
38,0
38,0
38,0.5
38,2
38,0.5
38,-0.5
38,0
38,1
38,0
38,0.5
38,0
38,-0.5
38,0.5
38,0
38,0
38,0
38,0
38,0
38,0
38,1
38,-0.5
38,1
38,0
38,1
38,0
38,0.5
38,0
38,-0.5
38,0
38,0
38,0.5
38,0
38,0
38,0
38,0
38,0
38,0
38,-1.5
38,-1
38,-0.5
38,-0.5
38,-1
38,1
38,-1
38,0.5
38,0
38,0
38,1
38,0.5
38,0
38,0.5
38,0
38,0.5
38,0.5
38,0
38,0
38,0
38,-1.5
38,-1
38,-0.5
38,0
38,-0.5
38,0
38,0
38,0.5
38,0.5
38,-1
38,1
38,0.5
38,-0.5
38,-1
38,0
38,0
38,0.5
38,0
38,0
38,1
38,-1.5
38,0
38,1.5
38,-0.5
38,0.5
38,0
38,0
38,-0.5
38,0.5
38,0
38,0
38,0
38,0
38,-0.5
38,0
38,0
38,0.5
38,0
38,0
38,0
38,0
38,0.5
38,0.5
38,0
38,0
38,1
38,0
38,0
38,0
38,1
38,0
38,-1.5
38,0
38,1.5
38,-1.5
38,1.5
38,-0.5
38,0.5
38,0
38,0
38,0
38,0
38,0
38,0
38,0
38,0
38,0
38,0
38,0
38,0
38,-0.5
38,0
38,0.5
38,0
38,0
38,0
38,0
38,0
38,0
38,0
38,0
38,-0.5
38,0.5
38,-0.5
38,0
38,0
38,0.5
38,0
38,0
38,-0.5
38,0
38,0
38,0.5
38,-0.5
38,0
38,0
38,0
38,0.5
38,0
38,0
38,0
38,0
38,0
38,0
38,0
38,0
38,0
38,0
38,0
38,0.5
38,0.5
38,0
38,0
38,0
38,0
38,0
38,0
38,0
38,0
38,0
38,-0.5
38,0
38,0
38,0.5
38,0
38,0
38,-0.5
38,0.5
38,0
38,-0.5
38,0.5
38,0
38,0
38,0
38,-0.5
38,0
38,0
38,0
38,0.5
38,0
38,0
38,0
38,0
38,0
38,0
38,0
38,0
38,0
38,0
38,-0.5
38,0.5
38,0
38,-0.5
38,0
38,0.5
38,0
38,0
38,0
38,-0.5
38,0.5
38,0
38,0
38,0
38,-0.5
38,0
38,0.5
38,0
38,0
38,0
38,0
38,0
38,0
38,0
38,0
38,0
38,0
38,0
38,0
38,0
38,0
38,0
38,0
38,0
38,0
38,0
38,0
38,0
38,0
38,-0.5
38,0.5
38,0
38,0
38,0
38,0
38,0
38,0
38,0
38,0
38,0
38,0
38,-0.5
38,0.5
38,-0.5
38,0.5
38,0
38,0
38,0
38,0
38,0
39,2
39,1
39,0
39,0
39,-0.5
39,0
39,1
39,1.5
39,1.5
39,0
39,0
39,0
39,0
39,0.5
39,0
39,0
39,-0.5
39,-1
39,1
39,-1
39,-1
39,-2.5
39,-2
39,-0.5
39,-1.5
39,-1
39,0.5
39,0.5
39,-0.5
39,0.5
39,0
39,-0.5
39,0.5
39,0
39,0
39,0
39,0
39,-0.5
39,0
39,0.5
39,0
39,0
39,0
39,0
39,0
39,0
39,0
39,0
39,0
39,0
39,0
39,0
39,0
39,0
39,0
39,0
39,0
39,0
39,0
39,0
39,0
39,0.5
39,0
39,-1
39,1
39,0.5
39,0
39,0
39,0
39,0
39,0
39,0
39,0
39,0
39,0
39,0
39,0
39,-0.5
39,0
39,0.5
39,0
39,0
39,0
39,0
39,0
39,0
39,0
39,0
39,-0.5
39,0.5
39,0
39,0
39,0
39,0
39,-0.5
39,0.5
39,0
39,0
39,0
39,0
39,0
39,0
39,0
39,0
39,0
39,0
39,0
39,0
39,-0.5
39,0.5
39,0
39,0
39,0
39,0
39,0
39,0
39,0
39,0
39,0
39,-0.5
39,0
39,0.5
39,0
39,0
39,0
39,0
39,-0.5
39,0.5
39,0
39,0
39,0
39,0
39,0
39,0
39,0
39,0
39,-0.5
39,0.5
39,-0.5
39,0
39,0.5
39,0
39,0
39,-0.5
39,0.5
39,0
39,0
39,0
39,0
39,0
39,0
39,0
39,0
39,-0.5
39,0
39,0.5
39,0.5
39,0
39,0.5
39,0
39,0
39,0
39,0
39,0
39,0
39,0
39,0
39,0
39,-0.5
39,0.5
39,0
39,0
39,0
39,0
39,0
39,0
39,0
39,0
39,0
39,-0.5
39,0.5
39,-0.5
39,0.5
39,0
39,-0.5
39,0.5
39,-0.5
39,0
39,0
39,0
39,0
39,0
39,0
39,0.5
39,0
39,0
39,0
39,0
39,0
39,0
39,0
39,0
39,0
39,0
39,0
39,0
39,0
39,-0.5
39,0.5
39,0
39,0
39,0
39,0
39,0
39,0
39,0
39,0
39,0
39,0
39,0
39,0
39,0
39,-0.5
39,0.5
39,0
39,0
39,0
39,0
39,0
39,0
39,0
39,0
39,0
39,-0.5
39,0
39,0.5
39,0
39,0
39,0
39,0
39,0
39,0
39,0
39,0
39,0
39,0
39,0
39,0
39,0
39,0
39,-0.5
39,0
39,0
39,0
39,0
39,0
39,0.5
39,-0.5
39,0.5
39,-0.5
39,0
39,0
39,0
39,0.5
39,-0.5
39,0.5
39,-0.5
39,0
39,0
39,0.5
39,-0.5
39,0
39,0.5
39,0
39,0
39,0
39,0
39,0
39,0
39,0
39,0
39,0
39,0
39,0
39,0
39,0
39,0
39,-0.5
40,1.5
40,15.5
40,0.5
40,1
40,-1.5
40,-1.5
40,-1
40,0.5
40,0
40,1.5
40,-2.5
40,-1.5
40,-1
40,-0.5
40,0
40,-1
40,-1.5
40,-1.5
40,-2.5
40,0
40,0
40,0
40,0
40,-0.5
40,0
40,0.5
40,0.5
40,0
40,0
40,0.5
40,-0.5
40,0.5
40,0
40,0
40,0
40,0
40,0
40,0
40,0.5
40,0.5
40,0
40,0
40,1
40,0
40,1
40,-0.5
40,0.5
40,0
40,1
40,0
40,-0.5
40,1
40,0
40,0.5
40,0.5
40,1.5
40,0
40,0
40,0
40,-0.5
40,0
40,0.5
40,0
40,0
40,0
40,-0.5
40,-0.5
40,-0.5
40,0
40,0
40,0.5
40,0.5
40,-0.5
40,-1
40,-1.5
40,0
40,-1
40,0
40,-0.5
40,0
40,-2
40,-0.5
40,0
40,1.5
40,-0.5
40,0
40,0.5
40,0
40,0
40,0
40,-0.5
40,0
40,0.5
40,-0.5
40,1
40,0.5
40,0
40,0
40,0
40,0
40,0
40,-0.5
40,0.5
40,-0.5
40,0.5
40,-0.5
40,0.5
40,-0.5
40,0.5
40,0
40,0
40,0.5
40,0.5
40,0
40,0.5
40,0.5
40,0
40,0
40,1
40,0
40,0
40,0
40,0
40,-1.5
40,0
40,-1.5
40,1
40,-0.5
40,-1.5
40,1.5
40,0
40,-0.5
40,-0.5
40,-0.5
40,0.5
40,0
40,0
40,0.5
40,-0.5
40,0
40,0
40,0
40,0
40,1
40,0.5
40,0
40,0
40,0
40,0.5
40,0.5
40,0
40,0
40,0
40,0
40,0
40,0
40,0
40,0
40,0
40,0
40,0
40,0
40,0
40,0
40,0
40,0
40,0
40,0.5
40,0.5
40,0
40,0
40,0.5
40,0.5
40,0
40,0
40,0
40,0
40,0
40,0
40,0
40,0
40,0
40,0
40,0
40,0
40,0.5
40,0.5
40,0
40,0
40,0
40,0
40,0
40,0
40,0
40,0
40,0
40,0
40,-0.5
40,0.5
40,0
40,-0.5
40,0
40,0
40,0
40,0
40,0
40,0
40,0
40,0.5
40,0
40,0
40,0
40,0
40,0
40,0
40,0
40,-0.5
40,0
40,0.5
40,-0.5
40,0.5
40,-0.5
40,0
40,0.5
40,0
40,0
40,-0.5
40,0.5
40,0
40,0
40,0
40,0
40,0
40,-0.5
40,0
40,0.5
40,0
40,0
40,0
40,0
40,-0.5
40,0
40,0.5
40,0
40,-0.5
40,0.5
40,0
40,0
40,0
40,0
40,0
40,0
40,0
40,0
40,0
40,0
40,0
40,0
40,0
40,0
40,-0.5
40,0
40,0
40,0.5
40,0
40,0
40,0
40,0
40,-0.5
40,0.5
40,0
40,-0.5
40,0.5
40,0
40,-0.5
40,0
40,0.5
40,-0.5
40,0.5
40,0
40,0
40,-0.5
40,0.5
40,0
40,-0.5
40,0
40,0
40,0
41,-0.5
41,-1
41,0.5
41,0.5
41,-0.5
41,-1
41,0
41,0
41,0
41,0.5
41,0
41,-1.5
41,1.5
41,0.5
41,0.5
41,-0.5
41,1.5
41,0.5
41,0.5
41,0.5
41,-1
41,-0.5
41,-0.5
41,2
41,0
41,-2
41,1.5
41,0
41,1
41,-1.5
41,0
41,0.5
41,0
41,0.5
41,1
41,0.5
41,0
41,-0.5
41,0.5
41,0
41,0
41,0
41,0
41,0
41,0
41,0
41,0.5
41,0.5
41,-1.5
41,0.5
41,0.5
41,0.5
41,0
41,0
41,-0.5
41,0.5
41,0
41,0
41,0
41,0
41,-0.5
41,0
41,0.5
41,0
41,0
41,0
41,-0.5
41,0
41,0.5
41,0
41,0
41,-0.5
41,0.5
41,0
41,-2
41,0
41,-1
41,1
41,-0.5
41,-1
41,0
41,-0.5
41,0
41,0
41,-0.5
41,1.5
41,-0.5
41,0.5
41,0.5
41,-1
41,-1
41,1
41,0.5
41,0
41,1
41,0
41,0
41,-0.5
41,0
41,0.5
41,-0.5
41,0.5
41,0
41,0
41,-0.5
41,0
41,0
41,0.5
41,0
41,0
41,0
41,0
41,-0.5
41,0.5
41,-0.5
41,0.5
41,0
41,0
41,-0.5
41,0.5
41,-0.5
41,0
41,0.5
41,0
41,0
41,0
41,0
41,1
41,0
41,0
41,0
41,0
41,0
41,0
41,0
41,0
41,-0.5
41,0
41,0
41,0
41,0.5
41,0
41,0
41,-0.5
41,0.5
41,-0.5
41,0.5
41,-0.5
41,0.5
41,0
41,-0.5
41,0
41,0.5
41,0
41,0
41,-0.5
41,0.5
41,0
41,0
41,-0.5
41,0
41,0
41,0
41,0
41,0.5
41,-0.5
41,0.5
41,0
41,0
41,0
41,0
41,-0.5
41,0.5
41,0
41,0
41,0
41,0
41,0
41,-0.5
41,0
41,0
41,0
41,0.5
41,0
41,0
41,0
41,0
41,-0.5
41,0.5
41,0
41,0
41,-0.5
41,0
41,0
41,0
41,0.5
41,0
41,-0.5
41,0
41,0.5
41,0
41,0
41,0
41,0
41,0
41,0
41,-0.5
41,0.5
41,0
41,0
41,0
41,0
41,0
41,0
41,-0.5
41,0.5
41,-0.5
41,0
41,0.5
41,-0.5
41,0.5
41,-0.5
41,0
41,0
41,0.5
41,0
41,0
41,0
41,0
41,0
41,0
41,0
41,0
41,0
41,0
41,0
41,0
41,0.5
41,0
41,0.5
41,0
41,0
41,0
41,0
41,0
41,0
41,0
41,0
41,0
41,0
41,0
41,0
41,0
41,0
41,0
41,0
41,0
41,0
41,0
41,-0.5
41,0.5
41,0
41,-0.5
41,0
41,0.5
41,-0.5
41,0
41,0
41,0
41,0.5
41,0
41,0
41,0
41,0
41,0
41,0
41,0
41,0
41,0
41,0
41,0
41,0
41,0
41,0
41,0
41,0
41,0
41,0
42,1
42,0
42,0
42,0
42,0
42,0
42,0.5
42,0
42,1
42,-1
42,0.5
42,-0.5
42,0
42,0
42,0
42,0
42,0
42,0
42,0.5
42,0.5
42,1
42,0
42,-0.5
42,-0.5
42,1.5
42,0
42,-0.5
42,0
42,0.5
42,0
42,0
42,-0.5
42,0.5
42,0
42,0.5
42,0
42,0.5
42,0
42,-0.5
42,0.5
42,0
42,0
42,0
42,0
42,-0.5
42,0.5
42,0
42,0
42,0
42,-0.5
42,0.5
42,0
42,-0.5
42,0
42,-0.5
42,-1
42,-0.5
42,0
42,0
42,0
42,0
42,-0.5
42,0
42,-2
42,0.5
42,0
42,0
42,1
42,-0.5
42,-0.5
42,1.5
42,0
42,0
42,0
42,0
42,0
42,0
42,-0.5
42,0.5
42,-0.5
42,0.5
42,0.5
42,0
42,0
42,0
42,-0.5
42,0.5
42,1
42,-1
42,1
42,1.5
42,0
42,0
42,0
42,0
42,0
42,-1
42,-0.5
42,0
42,-1.5
42,-2
42,0
42,0.5
42,0
42,1
42,-1
42,1
42,-0.5
42,0
42,1
42,0
42,-1.5
42,0
42,1.5
42,0
42,0
42,0
42,0.5
42,0
42,0
42,0
42,0
42,0
42,1.5
42,-1.5
42,0
42,0.5
42,0
42,0
42,0
42,0
42,0
42,1
42,0
42,-0.5
42,0.5
42,0
42,0
42,-0.5
42,0
42,0
42,0.5
42,0.5
42,-1
42,1
42,0
42,0
42,0.5
42,0
42,-0.5
42,0.5
42,0
42,0
42,0
42,0.5
42,0.5
42,0
42,-0.5
42,-2.5
42,0
42,0
42,-0.5
42,-1
42,-0.5
42,0
42,0
42,0
42,0
42,0
42,0
42,0
42,1
42,0
42,-0.5
42,0.5
42,0
42,-0.5
42,0.5
42,0
42,0
42,0
42,0
42,0
42,0
42,0
42,0
42,-0.5
42,0
42,0.5
42,0
42,0
42,-0.5
42,0.5
42,0
42,0
42,0
42,0
42,-0.5
42,0
42,0
42,0.5
42,0
42,0
42,0
42,0
42,0
42,0
42,0
42,0
42,0
42,0
42,0
42,0
42,0
42,0
42,0
42,0
42,0
42,0
42,0
42,0
42,0
42,0
42,0
42,0
42,0
42,0
42,0
42,0
42,0
42,0
42,0
42,0
42,0
42,0
42,0
42,0
42,0
42,0
42,0
42,0
42,0
42,0
42,0
42,0
42,0
42,0
42,0
42,0
42,0
42,0
42,-0.5
42,0
42,0
42,0
42,0.5
42,0
42,0
42,0
42,0
42,0
42,0
42,-0.5
42,0
42,0.5
42,-0.5
42,0
42,1
42,0.5
42,0
42,0
42,0
42,0
42,0
42,0
42,0
42,0
42,0
42,-0.5
42,0.5
42,-1.5
42,0.5
42,0.5
42,-1
42,1.5
42,0
42,1
42,-1.5
43,0
43,-1
43,0
43,-1.5
43,0.5
43,0.5
43,-0.5
43,-1.5
43,1.5
43,0
43,0.5
43,1
43,0
43,0
43,1
43,0
43,0.5
43,1
43,0.5
43,0.5
43,-0.5
43,1.5
43,0
43,1
43,0
43,0
43,1
43,0
43,1.5
43,-1
43,0
43,1
43,0
43,-1
43,0.5
43,-0.5
43,0
43,1
43,0.5
43,0
43,0
43,0.5
43,0.5
43,-1.5
43,0.5
43,-0.5
43,0
43,0.5
43,-0.5
43,0.5
43,0
43,0
43,-0.5
43,0.5
43,-0.5
43,0.5
43,-0.5
43,0
43,0
43,0.5
43,0
43,-0.5
43,0
43,0
43,0
43,0.5
43,0
43,0
43,0
43,0
43,-0.5
43,0
43,0
43,0.5
43,0
43,0
43,0
43,0
43,0
43,0
43,0
43,0
43,1
43,0
43,-0.5
43,0
43,0
43,0.5
43,0
43,-0.5
43,0.5
43,0
43,0
43,0
43,0
43,0
43,0
43,-0.5
43,0.5
43,0
43,-0.5
43,0.5
43,0
43,0
43,0
43,0
43,-0.5
43,0
43,0
43,0.5
43,0
43,0
43,-0.5
43,0.5
43,0
43,0
43,-0.5
43,0.5
43,0
43,0
43,0
43,-0.5
43,0
43,0.5
43,-0.5
43,0.5
43,-0.5
43,0.5
43,-0.5
43,0.5
43,0
43,0
43,0
43,0
43,0
43,0
43,0
43,0
43,0
43,0
43,0
43,0
43,-0.5
43,0
43,0
43,0.5
43,0
43,-0.5
43,0.5
43,0
43,0
43,0
43,0
43,0
43,-0.5
43,0.5
43,0
43,0
43,0
43,0
43,0
43,0
43,0
43,0
43,0
43,0
43,-0.5
43,0
43,0.5
43,-0.5
43,0.5
43,-0.5
43,0
43,0.5
43,0
43,-0.5
43,0.5
43,-0.5
43,0.5
43,0
43,0
43,0
43,-0.5
43,0
43,0
43,1
43,0
43,0.5
43,-0.5
43,0.5
43,0
43,0
43,0
43,0
43,0
43,0
43,0
43,0
43,0
43,0
43,0
43,0
43,0
43,0
43,0
43,0
43,0
43,0
43,-0.5
43,0.5
43,-0.5
43,0
43,0.5
43,0
43,0
43,0
43,0
43,0
43,0
43,0
43,0
43,0
43,0
43,0
43,0
43,0
43,0
43,0
43,-0.5
43,0
43,0.5
43,-0.5
43,0.5
43,-0.5
43,0
43,0.5
43,0
43,0
43,0
43,0
43,0
43,0
43,0
43,0
43,-0.5
43,0
43,0.5
43,0
43,-0.5
43,0.5
43,0
43,0
43,0
43,0
43,0
43,0
43,-0.5
43,0
43,0.5
43,0
43,-0.5
43,0.5
43,-0.5
43,0.5
43,0
43,0
43,-0.5
43,0.5
43,0
43,0
43,0
43,-0.5
43,0.5
43,-0.5
43,0.5
43,0
43,0
43,0
43,0
43,0
43,0
43,0
43,0
43,-0.5
43,0
43,0.5
43,0
43,0
44,-1.5
44,1.5
44,-0.5
44,0
44,0.5
44,0
44,-0.5
44,0.5
44,0.5
44,0
44,0.5
44,-0.5
44,-0.5
44,0.5
44,0
44,1
44,0.5
44,-0.5
44,1
44,1
44,0
44,0
44,0.5
44,0
44,0
44,0
44,0
44,0
44,-0.5
44,0
44,0.5
44,0
44,0
44,-0.5
44,0
44,0
44,0.5
44,0
44,-0.5
44,0
44,0
44,0.5
44,0
44,0
44,0
44,-0.5
44,0
44,-1
44,0
44,0
44,0
44,0.5
44,-0.5
44,-0.5
44,0
44,0
44,-0.5
44,-1
44,0
44,0
44,-0.5
44,-0.5
44,0
44,0.5
44,0
44,1.5
44,2
44,0.5
44,-0.5
44,0
44,0
44,1
44,0
44,0.5
44,0
44,-0.5
44,0.5
44,0
44,0
44,0
44,0
44,0
44,0
44,0
44,0
44,0
44,-0.5
44,1
44,0.5
44,0
44,0
44,-1.5
44,1
44,0
44,-2
44,0.5
44,-2
44,0.5
44,-1.5
44,1
44,-0.5
44,1.5
44,0
44,-0.5
44,1
44,0
44,0
44,0
44,-0.5
44,-0.5
44,1
44,1.5
44,-0.5
44,0.5
44,1
44,0
44,0
44,-0.5
44,0.5
44,0
44,0.5
44,0.5
44,0
44,0
44,0
44,-0.5
44,0
44,0
44,0.5
44,-0.5
44,0
44,0.5
44,0
44,0
44,0
44,0
44,0
44,0
44,-0.5
44,0.5
44,0
44,0
44,0
44,0
44,0
44,-0.5
44,0.5
44,0
44,0
44,0
44,0
44,-0.5
44,0
44,0.5
44,0
44,-0.5
44,0
44,0.5
44,0
44,0
44,0
44,0
44,0
44,0
44,0
44,0
44,0
44,0
44,0
44,-0.5
44,0.5
44,0
44,0
44,0
44,0
44,0
44,0
44,0
44,0
44,0
44,-0.5
44,0
44,0
44,0
44,0
44,0
44,0.5
44,-0.5
44,0
44,0.5
44,0
44,0
44,1
44,-0.5
44,0.5
44,0
44,0
44,0
44,0
44,-0.5
44,0.5
44,-0.5
44,0.5
44,-0.5
44,0
44,0.5
44,0
44,0
44,0
44,0
44,0
44,0
44,0
44,0
44,0
44,0
44,0
44,0
44,0
44,0
44,0
44,0
44,-0.5
44,0
44,0
44,0.5
44,0
44,0
44,0
44,0
44,0
44,0
44,-0.5
44,0.5
44,-0.5
44,0.5
44,0
44,-0.5
44,0.5
44,0
44,0
44,0
44,0
44,0
44,-0.5
44,0.5
44,-0.5
44,0.5
44,0
44,0
44,-0.5
44,0.5
44,0
44,0
44,0
44,0
44,0
44,0
44,0
44,0
44,0
44,0
44,0
44,0
44,0
44,0
44,-0.5
44,0.5
44,0
44,0
44,0
44,0
44,0
44,0
44,0
44,0
44,0
44,-0.5
44,0.5
44,0
44,0
44,0
44,0
44,0
44,0
44,0
44,0
44,-0.5
45,0
45,0.5
45,0.5
45,0.5
45,0
45,0
45,-0.5
45,0.5
45,-1.5
45,-0.5
45,0
45,1.5
45,0.5
45,-0.5
45,0.5
45,0.5
45,0
45,1
45,0.5
45,0.5
45,0.5
45,0
45,0
45,0
45,0
45,0
45,0
45,0
45,-0.5
45,0.5
45,-0.5
45,0.5
45,0
45,0.5
45,0
45,0.5
45,-0.5
45,0.5
45,-0.5
45,0
45,0
45,-1
45,0
45,-1
45,1.5
45,-0.5
45,1.5
45,0
45,0
45,0
45,0
45,-1.5
45,0
45,-1
45,1
45,0.5
45,0
45,0
45,-0.5
45,0.5
45,-0.5
45,-1
45,0
45,0
45,0
45,0
45,2.5
45,0
45,0
45,-0.5
45,0.5
45,-0.5
45,1
45,-0.5
45,1
45,0
45,0
45,0
45,-0.5
45,0
45,0
45,0
45,0.5
45,0
45,0
45,0
45,-0.5
45,0
45,0
45,0
45,0
45,0.5
45,0
45,0
45,0
45,0
45,0
45,0
45,0
45,0
45,0
45,-0.5
45,0.5
45,-0.5
45,0
45,0.5
45,0
45,0
45,0
45,0
45,0
45,0
45,0
45,0
45,0
45,0
45,0
45,0
45,0
45,0
45,0
45,0
45,-0.5
45,0
45,0
45,0
45,0
45,0.5
45,0
45,0
45,0
45,-0.5
45,0.5
45,0
45,-0.5
45,0.5
45,0
45,-0.5
45,0.5
45,-0.5
45,0
45,0.5
45,0
45,1
45,-0.5
45,0
45,0
45,0
45,0.5
45,0
45,0
45,0
45,0
45,0
45,0
45,0
45,0
45,0
45,0
45,0
45,0
45,0
45,0
45,0
45,0
45,0
45,0
45,0
45,0
45,0
45,0
45,0
45,0
45,0
45,0
45,0
45,0
45,-0.5
45,0.5
45,0
45,0
45,0
45,0
45,0
45,0
45,0
45,-0.5
45,0
45,0
45,0.5
45,0
45,-0.5
45,0
45,0.5
45,0
45,-0.5
45,0
45,0
45,0.5
45,0
45,0
45,0
45,0
45,0
45,0
45,0
45,-0.5
45,0
45,0.5
45,0
45,0
45,0
45,0
45,0
45,0
45,0
45,0
45,0
45,-0.5
45,0
45,0.5
45,0
45,0
45,0
45,0
45,0
45,-0.5
45,0.5
45,0
45,0
45,0
45,0
45,0
45,0
45,0
45,0
45,-0.5
45,0
45,0
45,0.5
45,-0.5
45,0.5
45,0
45,0
45,0
45,0
45,0
45,0
45,0
45,0
45,0
45,-0.5
45,0.5
45,0
45,0
45,0
45,0
45,0
45,0
45,0
45,-0.5
45,0
45,0
45,-0.5
45,0.5
45,-1
45,0
45,0
45,0
45,0
45,1.5
45,-0.5
45,0.5
45,0
45,0
45,0
45,-1.5
45,1
45,0.5
45,0
45,-1.5
45,0
45,0
45,1.5
45,0
45,0
45,0
45,0
46,0
46,0.5
46,0
46,0
46,-0.5
46,0
46,0.5
46,0
46,0
46,0
46,0
46,0
46,0
46,1
46,-0.5
46,0
46,0
46,0.5
46,-0.5
46,0
46,0.5
46,-0.5
46,-0.5
46,0
46,-0.5
46,0
46,-1.5
46,0
46,0.5
46,0
46,0.5
46,0
46,0.5
46,-1
46,1
46,0
46,0.5
46,0
46,0
46,-0.5
46,-1
46,0
46,1.5
46,-0.5
46,0
46,0
46,-0.5
46,0
46,-1
46,-0.5
46,0.5
46,0
46,-0.5
46,0.5
46,0
46,-0.5
46,0.5
46,0
46,0
46,0
46,1
46,0.5
46,1
46,0.5
46,0
46,-0.5
46,0
46,0.5
46,1
46,0
46,0
46,0
46,0
46,0
46,0
46,0
46,0
46,0
46,0
46,0
46,0
46,0
46,-0.5
46,0.5
46,0
46,0
46,-0.5
46,0.5
46,0
46,0
46,0
46,-0.5
46,0.5
46,0
46,0
46,0
46,0
46,0
46,0
46,0
46,0
46,0
46,0
46,0
46,0
46,0
46,-0.5
46,0.5
46,0
46,-0.5
46,0
46,0.5
46,0
46,-0.5
46,0
46,0.5
46,-0.5
46,0
46,0
46,0
46,0.5
46,-0.5
46,0.5
46,0
46,0
46,0
46,0
46,0
46,-0.5
46,0
46,0.5
46,0
46,0
46,-0.5
46,0.5
46,0
46,0
46,0
46,0
46,-0.5
46,0
46,0.5
46,0
46,-0.5
46,0
46,0.5
46,-1.5
46,0
46,0
46,0
46,0
46,0.5
46,-1
46,-0.5
46,0.5
46,0
46,0.5
46,0.5
46,0
46,-0.5
46,1
46,0
46,0.5
46,0
46,0
46,0
46,-0.5
46,0.5
46,-0.5
46,0.5
46,0
46,-0.5
46,0
46,0
46,0
46,0.5
46,0
46,0
46,0
46,0
46,-0.5
46,0.5
46,-0.5
46,0
46,0.5
46,-0.5
46,0
46,0.5
46,-0.5
46,-1.5
46,0.5
46,0.5
46,0
46,1
46,0
46,0
46,0
46,0
46,0
46,0
46,0
46,0
46,0
46,0
46,0
46,0
46,0
46,0
46,0
46,0
46,0
46,0
46,0
46,0
46,0
46,0
46,0
46,-0.5
46,0
46,0.5
46,0
46,-0.5
46,0.5
46,0
46,0
46,0
46,0
46,0
46,0
46,0
46,-0.5
46,0
46,0
46,0.5
46,-0.5
46,0.5
46,-0.5
46,0.5
46,0
46,1
46,0
46,0
46,0
46,0
46,0
46,0
46,0
46,0
46,0
46,0
46,-0.5
46,0.5
46,0
46,0
46,-0.5
46,0
46,0
46,0
46,0
46,0
46,0
46,0.5
46,0
46,0
46,-0.5
46,0.5
46,0
46,-0.5
46,0.5
46,0
46,0
46,0
46,0
46,0
46,0
46,0
46,0
46,0
46,0
46,0
46,0
46,0
46,0
46,0
46,0
46,0
46,0
46,0
47,-1
47,0.5
47,0.5
47,-0.5
47,0.5
47,-1.5
47,0
47,1
47,1
47,0.5
47,0
47,0
47,0
47,0
47,-0.5
47,0.5
47,-1.5
47,0
47,1
47,1.5
47,0
47,0
47,0
47,0
47,-0.5
47,0
47,-1
47,-1.5
47,3
47,-0.5
47,0.5
47,-0.5
47,0.5
47,-0.5
47,0.5
47,0
47,0
47,0
47,0
47,0
47,0
47,0
47,-0.5
47,0.5
47,0.5
47,0
47,0
47,0.5
47,-0.5
47,-0.5
47,1
47,-1.5
47,0.5
47,-0.5
47,0
47,0
47,0
47,0
47,0.5
47,0
47,0
47,0.5
47,0
47,0
47,0.5
47,-0.5
47,1
47,0
47,0
47,-1
47,1
47,0
47,0
47,0.5
47,0
47,0
47,0
47,0.5
47,0.5
47,0
47,0
47,-0.5
47,0.5
47,0
47,0
47,0
47,0
47,0
47,0
47,-0.5
47,0
47,0
47,0.5
47,0
47,0
47,0
47,-0.5
47,0.5
47,0
47,0
47,0
47,-0.5
47,0.5
47,-0.5
47,0
47,0.5
47,0
47,-0.5
47,0.5
47,0
47,0
47,0
47,-0.5
47,0.5
47,0
47,0
47,0
47,0
47,0
47,0
47,0
47,-0.5
47,0.5
47,0
47,0
47,0
47,0
47,-0.5
47,0
47,0.5
47,0
47,0
47,-0.5
47,0
47,0
47,0.5
47,0
47,0
47,0
47,0
47,0
47,0
47,0
47,0
47,0
47,-0.5
47,0
47,0
47,-0.5
47,-0.5
47,0
47,0
47,0
47,0
47,0
47,0.5
47,-1.5
47,0.5
47,0
47,0.5
47,0.5
47,-0.5
47,0
47,1
47,0.5
47,0
47,1
47,-0.5
47,0
47,0.5
47,0
47,0
47,0
47,0
47,0
47,0
47,0
47,0
47,-0.5
47,0.5
47,-1.5
47,-1
47,0
47,0
47,0
47,-1
47,1
47,-1
47,0
47,1
47,-1
47,1
47,0.5
47,0
47,-1.5
47,0
47,0
47,1
47,0
47,0.5
47,0
47,-0.5
47,0
47,0
47,0.5
47,-0.5
47,0
47,0.5
47,0
47,0
47,0
47,0
47,0
47,0
47,0
47,0
47,0
47,0
47,-0.5
47,0.5
47,0
47,0
47,0
47,-0.5
47,0.5
47,-0.5
47,0.5
47,-0.5
47,0
47,1.5
47,0
47,0
47,0
47,0
47,0
47,0.5
47,0
47,0
47,0.5
47,0
47,0
47,0
47,-0.5
47,0.5
47,0
47,0
47,-0.5
47,0
47,0
47,0.5
47,-0.5
47,0.5
47,-0.5
47,0.5
47,-0.5
47,0.5
47,0
47,0
47,0
47,0
47,0
47,0
47,0
47,0
47,-0.5
47,0.5
47,0
47,-0.5
47,0.5
47,0
47,0
47,0
47,0
47,0
47,0
47,-0.5
47,0.5
47,0
47,0
47,0
47,0
47,0
47,0
47,0
47,0
47,0
47,-0.5
47,0
48,-1.5
48,-1.5
48,0.5
48,-2.5
48,1
48,-3.5
48,-0.5
48,0.5
48,2
48,0.5
48,1
48,0
48,0
48,0
48,0
48,-0.5
48,1
48,0.5
48,1.5
48,0.5
48,0
48,0.5
48,0.5
48,-0.5
48,-1
48,-1
48,1
48,0
48,0.5
48,-0.5
48,0
48,-1.5
48,-1.5
48,0
48,0.5
48,0.5
48,0.5
48,0
48,0.5
48,0.5
48,0
48,0.5
48,0.5
48,0
48,0
48,0
48,0
48,0.5
48,0.5
48,0
48,0
48,0
48,0
48,0
48,-0.5
48,0
48,0
48,0.5
48,-0.5
48,0.5
48,0
48,0
48,0
48,0
48,0
48,0
48,-0.5
48,0.5
48,0
48,0
48,0
48,0
48,-0.5
48,0.5
48,0
48,-0.5
48,0.5
48,0
48,0
48,0
48,0
48,0
48,0
48,0
48,0
48,0
48,0
48,0
48,0
48,0
48,0
48,0
48,-0.5
48,0
48,0.5
48,0
48,0
48,0
48,0
48,0
48,0
48,-0.5
48,0
48,0
48,0
48,0
48,0
48,0.5
48,0
48,0
48,0
48,-0.5
48,0
48,0
48,0.5
48,0
48,0
48,0
48,0
48,0
48,0
48,0
48,0
48,0
48,0
48,0
48,0
48,0
48,0
48,0
48,0
48,0
48,0
48,0
48,0
48,0
48,0
48,0
48,0
48,0.5
48,0
48,0
48,0.5
48,-0.5
48,0.5
48,0
48,-0.5
48,0.5
48,0
48,0
48,0
48,-0.5
48,0
48,0.5
48,0
48,-0.5
48,0.5
48,0
48,0
48,0
48,-0.5
48,0
48,0
48,0.5
48,0
48,-0.5
48,0
48,0.5
48,-0.5
48,0
48,0
48,0.5
48,0
48,0
48,-0.5
48,0.5
48,0
48,-0.5
48,0
48,0
48,0.5
48,-0.5
48,0
48,0
48,0.5
48,0
48,0
48,0
48,0
48,0
48,0
48,0
48,0
48,0
48,0
48,0
48,-0.5
48,0
48,0.5
48,0
48,0
48,0
48,-0.5
48,0.5
48,0
48,0
48,-0.5
48,0
48,0.5
48,0
48,0
48,0
48,0
48,0
48,0
48,0
48,0
48,0
48,0
48,0
48,0
48,0
48,0
48,0
48,-0.5
48,0.5
48,0
48,-0.5
48,0
48,0
48,0
48,0.5
48,0
48,0
48,0
48,0
48,-0.5
48,0.5
48,0
48,0
48,0
48,0
48,0
48,0
48,0
48,0
48,0
48,0
48,0
48,0
48,0
48,0
48,0
48,0
48,0
48,0
48,0
48,0
48,0
48,0
48,0
48,0
48,-0.5
48,0
48,0.5
48,0
48,0
48,0
48,0
48,0
48,0
48,-0.5
48,0.5
48,-0.5
48,0.5
48,0
48,-0.5
48,0.5
48,-0.5
48,0.5
48,-0.5
48,0.5
48,0
48,0
48,0
48,0
48,0
48,0
49,-1
49,1.5
49,0
49,0
49,0.5
49,-3
49,0
49,0.5
49,0
49,-0.5
49,-1
49,0
49,-1
49,0
49,0
49,0.5
49,0
49,-0.5
49,1
49,0
49,0
49,-1
49,1
49,0
49,0.5
49,0
49,0
49,-0.5
49,0.5
49,0
49,0
49,0
49,0
49,0
49,0
49,1
49,-0.5
49,-1
49,1.5
49,0
49,0
49,0
49,0
49,0
49,0
49,0
49,0
49,0
49,0
49,0
49,0
49,0
49,0
49,0
49,0
49,0
49,0
49,0
49,0
49,0
49,0
49,0
49,-0.5
49,0.5
49,-0.5
49,1
49,0.5
49,0
49,0
49,0
49,0.5
49,0
49,0
49,0.5
49,0
49,0
49,0
49,0
49,0
49,0
49,0
49,0
49,0
49,0
49,0
49,0
49,0
49,0
49,0
49,0
49,0.5
49,0.5
49,0
49,0
49,0
49,0
49,0
49,0
49,0
49,0
49,0
49,0
49,0
49,0
49,0
49,0
49,0
49,0
49,0
49,0
49,0
49,0
49,0
49,0
49,0
49,0
49,0
49,0
49,0
49,0
49,0
49,-0.5
49,0
49,0
49,0.5
49,0
49,0
49,-0.5
49,0.5
49,0
49,-0.5
49,0.5
49,0
49,0
49,0
49,0
49,0
49,0
49,0
49,0
49,0
49,0
49,0
49,0
49,0
49,0
49,0
49,0
49,0
49,0
49,0
49,-0.5
49,0.5
49,0
49,0
49,0
49,0
49,0
49,0
49,0
49,0
49,-0.5
49,0
49,0.5
49,0
49,0
49,0
49,0
49,0
49,0
49,0
49,0
49,0
49,0
49,-0.5
49,0.5
49,-0.5
49,0
49,0
49,0.5
49,0
49,0
49,0
49,0
49,0
49,0
49,0
49,0
49,0
49,0
49,0
49,0
49,0
49,0
49,0
49,0
49,0
49,-0.5
49,0.5
49,0
49,0
49,-0.5
49,0.5
49,0
49,0
49,0
49,0
49,-0.5
49,0
49,0
49,0
49,0.5
49,0
49,0
49,0
49,0
49,0
49,0
49,-0.5
49,0.5
49,0
49,0
49,0
49,0
49,-0.5
49,0
49,0.5
49,0
49,0
49,-0.5
49,0.5
49,-0.5
49,0
49,0.5
49,-0.5
49,0.5
49,-0.5
49,0.5
49,0
49,0
49,0
49,0
49,0
49,0
49,0
49,0
49,0
49,0
49,0
49,0
49,0
49,0
49,0
49,0
49,0
49,-0.5
49,0.5
49,0
49,-0.5
49,0.5
49,0
49,-0.5
49,0.5
49,-0.5
49,0.5
49,-0.5
49,0
49,0
49,0
49,0
49,0.5
49,0
49,0
49,0
49,-0.5
49,0.5
49,0
49,0
49,0
49,0
49,0
49,0
49,0
49,0
49,0
49,0
49,0
49,0
50,3
50,-1
50,0
50,-3
50,1
50,0.5
50,-0.5
50,-0.5
50,-1.5
50,-1
50,0
50,-2.5
50,0
50,0
50,-1
50,-1.5
50,1
50,0
50,-1
50,-1
50,0.5
50,-1
50,0.5
50,1
50,0
50,1.5
50,0
50,0
50,-0.5
50,0.5
50,1
50,0
50,0
50,0
50,0
50,-0.5
50,0
50,0
50,0.5
50,-0.5
50,0.5
50,0
50,0
50,0
50,0
50,0
50,0
50,-0.5
50,0.5
50,-0.5
50,0.5
50,-0.5
50,0.5
50,-0.5
50,1.5
50,0
50,-0.5
50,0.5
50,0
50,0
50,0
50,0
50,0
50,0
50,0
50,0
50,0
50,0
50,0
50,0
50,-0.5
50,0
50,0
50,0
50,0
50,0.5
50,0
50,-0.5
50,0
50,0
50,0.5
50,0
50,-0.5
50,0.5
50,-0.5
50,0.5
50,0
50,0
50,0
50,0
50,0
50,0
50,-0.5
50,0.5
50,0
50,0
50,0
50,0
50,0
50,0
50,-0.5
50,0
50,0
50,0
50,0.5
50,-0.5
50,0
50,0.5
50,0
50,0
50,0
50,0
50,0
50,0
50,0
50,0
50,0
50,0
50,0
50,0
50,0
50,0
50,0
50,0
50,0
50,0
50,0
50,-0.5
50,0
50,0.5
50,0
50,0
50,1
50,-1
50,0.5
50,0.5
50,-0.5
50,0.5
50,-0.5
50,0.5
50,0
50,0
50,0
50,0
50,-0.5
50,0
50,-0.5
50,0
50,-0.5
50,0
50,0.5
50,-0.5
50,0.5
50,-0.5
50,1
50,-1
50,1.5
50,0
50,0
50,0
50,0
50,0
50,0
50,0
50,0
50,0
50,0
50,-0.5
50,0
50,0.5
50,0
50,0
50,0
50,0
50,0
50,0
50,0
50,0
50,0.5
50,0
50,0
50,0
50,0.5
50,0
50,0
50,0
50,0
50,0
50,-0.5
50,0
50,0.5
50,-0.5
50,0.5
50,0
50,-0.5
50,0
50,0.5
50,-0.5
50,0
50,0
50,0.5
50,0
50,-0.5
50,0.5
50,0
50,-0.5
50,0
50,0.5
50,-0.5
50,0.5
50,-0.5
50,0
50,-1
50,1.5
50,0
50,0
50,0
50,0
50,-1.5
50,1.5
50,-0.5
50,0.5
50,-0.5
50,0
50,0
50,-1
50,0
50,0
50,0.5
50,-0.5
50,0.5
50,-0.5
50,0
50,0
50,0
50,0
50,1
50,-1
50,0
50,0
50,0
50,0.5
50,-1.5
50,0
50,0.5
50,0
50,0
50,0.5
50,0.5
50,0
50,-0.5
50,0.5
50,-0.5
50,0
50,0
50,-1
50,0.5
50,0
50,1
50,-0.5
50,0
50,0.5
50,0
50,-0.5
50,0
50,0
50,0
50,-1
50,0.5
50,0
50,0
50,0.5
50,0
50,0.5
50,0
50,-0.5
50,0.5
50,-0.5
50,1.5
50,0
50,0
50,-0.5
50,0.5
50,-0.5
50,0
50,0
50,0.5
50,0
51,1
51,0
51,0
51,-1.5
51,0
51,-1
51,0.5
51,0
51,-1
51,-1
51,-0.5
51,0.5
51,0.5
51,0
51,1
51,0
51,0
51,0
51,0
51,0
51,-0.5
51,0
51,0.5
51,0.5
51,0
51,0
51,-1
51,1.5
51,-0.5
51,0.5
51,0.5
51,0
51,0
51,1
51,0
51,0.5
51,0.5
51,0.5
51,0
51,0.5
51,0.5
51,-0.5
51,0
51,0.5
51,1
51,0
51,-1.5
51,0.5
51,0.5
51,0.5
51,0
51,0
51,-0.5
51,0
51,0.5
51,0
51,0
51,0
51,0
51,-0.5
51,0
51,0.5
51,0
51,0
51,0
51,0
51,0
51,0
51,0
51,0
51,0
51,0
51,0
51,0
51,-0.5
51,0
51,0
51,0.5
51,-0.5
51,0.5
51,-0.5
51,0
51,0
51,0
51,0.5
51,0
51,-0.5
51,0.5
51,0
51,0
51,-0.5
51,0.5
51,0.5
51,0.5
51,0
51,-0.5
51,0.5
51,0
51,-0.5
51,0.5
51,0
51,0
51,0
51,-0.5
51,0.5
51,0
51,0
51,0
51,-0.5
51,0
51,0.5
51,0
51,0
51,0
51,-0.5
51,0.5
51,0
51,0
51,0
51,0
51,-0.5
51,0
51,0
51,0
51,0
51,0
51,0
51,0
51,0
51,0
51,0
51,0.5
51,0
51,0
51,-0.5
51,0.5
51,-0.5
51,0.5
51,0
51,0
51,0
51,0
51,0
51,-0.5
51,0.5
51,0
51,0
51,0
51,-0.5
51,0.5
51,0
51,0
51,0
51,-0.5
51,0.5
51,0
51,0
51,0
51,0
51,0
51,0
51,0
51,0
51,0
51,0
51,0
51,0
51,0
51,0
51,0
51,0
51,0
51,0
51,0
51,1
51,0
51,0
51,0
51,0
51,0
51,0
51,-0.5
51,0
51,0.5
51,0
51,-0.5
51,0.5
51,-0.5
51,0.5
51,-0.5
51,0
51,0
51,0
51,0
51,0.5
51,0
51,0
51,0
51,-0.5
51,0
51,0
51,0.5
51,-0.5
51,0.5
51,0
51,0
51,-0.5
51,0
51,0.5
51,0
51,0
51,-0.5
51,0.5
51,0
51,0
51,0
51,0
51,0
51,0
51,0
51,0
51,-0.5
51,0
51,0
51,0.5
51,0
51,0
51,0
51,0
51,0
51,0
51,0
51,0
51,-0.5
51,0.5
51,-0.5
51,0.5
51,-0.5
51,0
51,0
51,0
51,0
51,0.5
51,0
51,0
51,0
51,0
51,0
51,0
51,0
51,0
51,0
51,0
51,0
51,0
51,0
51,0
51,0
51,0
51,0
51,0
51,0
51,0
51,-0.5
51,0.5
51,0
51,0
51,0
51,-0.5
51,0
51,0.5
51,0
51,-0.5
51,0
51,0.5
51,0
51,0
51,0
51,-0.5
51,0.5
51,-0.5
51,0.5
51,0
51,-0.5
51,0.5
51,-0.5
51,0.5
51,0
52,0
52,2.5
52,0
52,0
52,-0.5
52,0
52,0
52,1.5
52,-0.5
52,0
52,-1
52,0
52,0
52,0
52,-1
52,-1
52,0
52,-1
52,-1
52,-0.5
52,0
52,-0.5
52,1
52,0
52,0
52,0.5
52,-0.5
52,0
52,0.5
52,0
52,0
52,0
52,0
52,0
52,0
52,0
52,0
52,0
52,1
52,0
52,0
52,-0.5
52,0.5
52,0
52,-0.5
52,0.5
52,0
52,0
52,0
52,0
52,0
52,0
52,-0.5
52,0.5
52,0
52,0
52,0
52,0
52,0
52,0
52,0
52,0
52,0
52,0
52,0
52,0
52,0
52,0
52,0
52,0
52,0
52,0
52,0
52,0
52,0
52,0
52,-0.5
52,0.5
52,-0.5
52,0.5
52,0
52,0
52,0
52,0
52,0
52,0
52,0
52,0
52,0
52,-0.5
52,0.5
52,0
52,0
52,0
52,0
52,0
52,0
52,0
52,-0.5
52,0.5
52,-0.5
52,1.5
52,0
52,0
52,0
52,-0.5
52,0
52,0.5
52,-0.5
52,0.5
52,0
52,0
52,-0.5
52,0.5
52,0
52,0
52,0
52,-0.5
52,0.5
52,0
52,0
52,0
52,0
52,0
52,0
52,-0.5
52,0
52,0
52,0.5
52,0
52,0
52,0
52,0
52,-0.5
52,0.5
52,0
52,0
52,-0.5
52,0.5
52,0
52,0
52,0
52,-0.5
52,0
52,0
52,0
52,0
52,0.5
52,0
52,0
52,0
52,0
52,0
52,0
52,0
52,0
52,0
52,0
52,-0.5
52,0
52,0.5
52,0
52,0
52,0
52,0
52,0
52,0
52,0
52,0
52,0
52,-0.5
52,0
52,0.5
52,-0.5
52,0
52,0.5
52,0
52,-0.5
52,0.5
52,0
52,0
52,0
52,0
52,0
52,-0.5
52,0.5
52,-0.5
52,0.5
52,-0.5
52,0.5
52,-0.5
52,0.5
52,0
52,0
52,-0.5
52,0
52,0.5
52,-0.5
52,0.5
52,0
52,0
52,-0.5
52,0.5
52,0
52,-0.5
52,0.5
52,0
52,-0.5
52,0.5
52,0
52,0
52,0
52,0
52,0
52,0
52,0
52,0
52,0
52,0
52,0
52,0
52,-0.5
52,0.5
52,-0.5
52,0
52,0
52,0
52,0
52,0.5
52,0
52,0
52,0
52,0
52,0
52,0
52,0
52,-0.5
52,0
52,0
52,0
52,0.5
52,0
52,-0.5
52,0.5
52,0
52,0
52,0
52,0
52,0
52,0
52,-0.5
52,0.5
52,0
52,0
52,0
52,0
52,0
52,0
52,-0.5
52,0
52,0
52,0.5
52,0
52,0
52,-0.5
52,0
52,0.5
52,-0.5
52,0.5
52,0
52,0
52,0
52,0
52,0
52,0
52,0
52,0
52,0
52,-0.5
52,0
52,0
52,0.5
52,0
52,0.5
52,0.5
52,0
52,0
52,0
53,-1
53,2
53,-2
53,0
53,2
53,1
53,0.5
53,0.5
53,0
53,0
53,0
53,1
53,0
53,0
53,-1
53,1
53,0.5
53,0
53,0
53,0
53,0
53,0
53,1
53,0
53,-0.5
53,1
53,0
53,0
53,0.5
53,0
53,0
53,0
53,0
53,0
53,1
53,0
53,-0.5
53,0.5
53,0
53,0
53,-0.5
53,0.5
53,-0.5
53,0.5
53,0
53,0
53,0
53,-0.5
53,-1
53,-1.5
53,1
53,-0.5
53,-1
53,0
53,0
53,-1
53,1
53,-1
53,0
53,0.5
53,0
53,-0.5
53,0
53,1
53,-0.5
53,-1
53,1
53,0
53,0
53,0
53,0
53,-0.5
53,0.5
53,0
53,0
53,0
53,-0.5
53,0.5
53,0
53,-0.5
53,0.5
53,-0.5
53,0.5
53,0
53,0
53,0
53,0
53,0
53,0
53,0
53,0.5
53,0
53,0
53,0.5
53,0
53,0
53,0
53,0
53,0
53,0
53,0
53,-0.5
53,0
53,0.5
53,0
53,0
53,-0.5
53,0
53,0
53,0.5
53,0
53,0
53,0
53,0
53,-0.5
53,0.5
53,0
53,-0.5
53,0.5
53,0
53,0
53,-0.5
53,0
53,0.5
53,0
53,0
53,0
53,0
53,0
53,-0.5
53,0
53,0.5
53,-0.5
53,0.5
53,0
53,0
53,0
53,0
53,0
53,0
53,0
53,0
53,0
53,0
53,0
53,0
53,0
53,0
53,0
53,0
53,0
53,0
53,0
53,0
53,0
53,0
53,0
53,0
53,0
53,0
53,0
53,0
53,-0.5
53,0.5
53,-0.5
53,0
53,0.5
53,0
53,0
53,0
53,0
53,0
53,0
53,0
53,0
53,0
53,0
53,-0.5
53,0
53,0
53,0.5
53,-0.5
53,0.5
53,-0.5
53,0.5
53,0
53,-0.5
53,0.5
53,0
53,0
53,-0.5
53,0.5
53,-0.5
53,0.5
53,-0.5
53,0.5
53,-0.5
53,0.5
53,-0.5
53,0
53,0.5
53,0
53,0
53,0
53,0
53,0
53,0
53,0
53,0
53,0
53,0
53,0
53,0
53,0
53,0
53,0
53,-0.5
53,0.5
53,0
53,0
53,0
53,0
53,0
53,0
53,0
53,0
53,0
53,0
53,0
53,0
53,0
53,0
53,-0.5
53,0
53,0
53,0.5
53,-0.5
53,0
53,0.5
53,0
53,-0.5
53,0.5
53,-0.5
53,0.5
53,0
53,0
53,-0.5
53,0
53,1
53,0
53,0.5
53,0
53,0
53,0
53,0
53,0
53,0
53,-0.5
53,0
53,0.5
53,-0.5
53,0.5
53,0
53,-0.5
53,0
53,0
53,0
53,0.5
53,-0.5
53,0
53,0.5
53,0
53,0
53,0
53,0
53,0
53,0
53,0
53,0
53,0
53,0
53,-0.5
53,0.5
53,-0.5
53,0
53,0
53,0.5
53,-0.5
54,1
54,-0.5
54,-0.5
54,0
54,0.5
54,1.5
54,0
54,0
54,0
54,0
54,0
54,0
54,0
54,0
54,0
54,0
54,0
54,0
54,0
54,-0.5
54,0
54,0
54,0
54,0.5
54,0
54,-0.5
54,1.5
54,-2.5
54,-1
54,0
54,0
54,0
54,0
54,0
54,-1
54,0
54,0.5
54,1.5
54,0.5
54,0
54,-0.5
54,0
54,0.5
54,1
54,0
54,0.5
54,0
54,-0.5
54,1
54,0
54,0
54,0
54,0.5
54,0.5
54,0
54,0
54,0.5
54,0
54,0.5
54,-1.5
54,1
54,0.5
54,-0.5
54,0.5
54,0
54,-0.5
54,-1
54,-1
54,0
54,0
54,-2.5
54,0.5
54,0
54,-1
54,1
54,0
54,0.5
54,-0.5
54,1
54,2.5
54,0
54,0.5
54,0
54,0.5
54,0
54,-0.5
54,-1
54,0.5
54,0
54,0.5
54,0
54,1
54,0.5
54,0
54,0
54,0
54,0
54,0
54,0
54,0
54,0
54,0
54,0
54,0
54,0
54,0
54,0.5
54,0.5
54,0
54,0
54,-0.5
54,0.5
54,0
54,-0.5
54,0.5
54,0
54,-0.5
54,0.5
54,0
54,0
54,0
54,0
54,0
54,0
54,0
54,0
54,0
54,0
54,0
54,0
54,0
54,0
54,0
54,0
54,0
54,0
54,0
54,0
54,0
54,0
54,0
54,0
54,0
54,0
54,-0.5
54,0.5
54,0
54,0
54,-0.5
54,0.5
54,0
54,0
54,0
54,0
54,-0.5
54,0
54,0.5
54,0
54,0
54,0
54,0
54,0
54,0
54,0
54,0
54,0
54,0
54,0
54,0
54,0
54,0
54,0
54,0
54,0
54,0
54,0
54,0
54,0
54,0
54,0
54,0
54,-0.5
54,0.5
54,-0.5
54,0
54,0
54,0.5
54,0
54,0
54,0
54,0
54,-0.5
54,0.5
54,0
54,0
54,0
54,0
54,0
54,0
54,0
54,0
54,0
54,0
54,0
54,0
54,0
54,0
54,0
54,0
54,0
54,0
54,0
54,0
54,-0.5
54,0.5
54,0
54,-0.5
54,0.5
54,-0.5
54,0.5
54,0
54,0
54,0
54,0
54,0
54,0
54,0
54,0
54,0
54,0
54,0
54,0
54,0
54,0
54,1
54,0
54,0
54,0
54,0
54,0
54,0
54,0
54,0
54,0
54,0
54,0
54,0
54,0
54,0
54,0
54,0
54,-0.5
54,0.5
54,-0.5
54,0
54,0.5
54,-0.5
54,0.5
54,0
54,0
54,0
54,0
54,0
54,-0.5
54,0
54,0
54,0.5
54,-0.5
54,0
54,0.5
54,-0.5
54,0.5
54,-0.5
54,0.5
54,0
54,0
54,0
54,0
54,0
54,0
54,0
54,-0.5
54,0
54,0.5
54,-0.5
54,0.5
54,0
54,0
55,0.5
55,0
55,1
55,-1.5
55,0
55,0
55,0.5
55,-1
55,0.5
55,0
55,0
55,-0.5
55,-0.5
55,0
55,0
55,-1.5
55,-0.5
55,0
55,0
55,0
55,0.5
55,-0.5
55,0
55,0.5
55,0
55,0.5
55,0.5
55,-0.5
55,0.5
55,-0.5
55,0.5
55,0
55,0
55,0
55,0
55,0
55,0
55,0
55,0
55,0
55,0
55,0.5
55,0.5
55,0
55,0
55,0
55,0
55,0
55,0
55,0
55,0
55,0
55,-0.5
55,0
55,0.5
55,0
55,-0.5
55,0.5
55,0
55,0
55,0
55,0
55,-0.5
55,0
55,0
55,0
55,0.5
55,-0.5
55,0.5
55,0
55,0
55,-0.5
55,0
55,0
55,0
55,0.5
55,-0.5
55,0
55,0
55,0
55,0.5
55,0
55,0
55,-0.5
55,0
55,0.5
55,-0.5
55,0.5
55,0
55,0
55,0
55,-0.5
55,0.5
55,-0.5
55,0
55,0
55,0.5
55,0
55,0
55,0
55,0
55,0
55,-0.5
55,0.5
55,0
55,0
55,-0.5
55,0
55,0.5
55,0
55,0
55,0
55,-0.5
55,0.5
55,0
55,-0.5
55,0
55,0.5
55,0.5
55,0.5
55,0
55,0
55,-0.5
55,0
55,0.5
55,-0.5
55,0
55,0
55,0.5
55,0
55,0
55,0
55,0
55,0
55,0
55,0.5
55,0.5
55,0
55,-1.5
55,1
55,0
55,0.5
55,-0.5
55,0.5
55,0
55,0
55,0
55,0
55,0
55,0
55,0
55,0
55,0
55,0
55,0
55,0
55,0
55,0
55,0
55,0
55,0
55,0
55,0
55,0
55,0
55,0
55,0
55,0
55,0
55,0
55,0
55,0
55,-0.5
55,0.5
55,0
55,0
55,0
55,0
55,0
55,0
55,0
55,0
55,0
55,0
55,0
55,-0.5
55,0.5
55,0
55,0
55,0
55,0
55,0
55,-0.5
55,0
55,0.5
55,-0.5
55,0
55,0
55,0.5
55,0
55,0
55,-0.5
55,0.5
55,0
55,0
55,0
55,0
55,0
55,-0.5
55,0
55,0
55,0.5
55,0
55,0
55,-0.5
55,0
55,0.5
55,0
55,0
55,0
55,0
55,-0.5
55,0
55,0.5
55,0
55,-0.5
55,0
55,0
55,0.5
55,-0.5
55,0
55,0
55,0
55,0.5
55,0
55,0
55,0
55,0
55,0
55,-0.5
55,0
55,0.5
55,0
55,0
55,-0.5
55,0
55,0.5
55,-0.5
55,0
55,0
55,0
55,0.5
55,0
55,0
55,0
55,0
55,0.5
55,-0.5
55,0
55,0
55,0.5
55,0.5
55,0
55,0
55,0
55,0
55,0
55,-0.5
55,0.5
55,-0.5
55,0
55,0.5
55,0
55,0
55,0
55,-0.5
55,0
55,0.5
55,-0.5
55,0.5
55,-0.5
55,0
55,0
55,0
55,0
55,0.5
55,0
55,-0.5
56,-1
56,2
56,1
56,3
56,0
56,1.5
56,2
56,0
56,0
56,0
56,0
56,-0.5
56,-2
56,-1
56,-1.5
56,1
56,-2.5
56,-2.5
56,-2
56,0
56,-0.5
56,0
56,0
56,0
56,0
56,0
56,1.5
56,0
56,1
56,0.5
56,0
56,0
56,0.5
56,-0.5
56,0.5
56,-0.5
56,-1
56,0.5
56,-1.5
56,-1.5
56,-0.5
56,0
56,0.5
56,0
56,1
56,-0.5
56,0
56,-1
56,0
56,2
56,-1
56,1
56,0.5
56,0
56,-0.5
56,0.5
56,0.5
56,-0.5
56,-0.5
56,0.5
56,1
56,0
56,-0.5
56,-1
56,0.5
56,0
56,-0.5
56,1
56,0.5
56,0
56,0
56,0
56,-0.5
56,0
56,0.5
56,0
56,-0.5
56,0
56,0
56,0.5
56,0
56,0
56,-0.5
56,0.5
56,0
56,-0.5
56,0
56,0
56,0.5
56,0
56,0
56,0
56,1
56,0
56,-1.5
56,1
56,0.5
56,0
56,-0.5
56,0
56,0
56,0
56,0
56,0
56,0
56,0
56,-1
56,1
56,0
56,0
56,0.5
56,-0.5
56,0.5
56,0
56,0
56,0
56,0
56,-0.5
56,0
56,0.5
56,-0.5
56,0.5
56,-0.5
56,0.5
56,-0.5
56,0.5
56,0
56,0
56,0
56,-0.5
56,0
56,0
56,0
56,0
56,0
56,0
56,0.5
56,0
56,0
56,-0.5
56,0
56,0.5
56,0
56,0
56,0
56,0
56,0
56,0
56,-0.5
56,0.5
56,-0.5
56,0.5
56,0
56,-0.5
56,0
56,0.5
56,-0.5
56,0.5
56,0
56,0
56,0
56,0
56,0
56,0
56,0
56,0
56,-0.5
56,0.5
56,-0.5
56,0
56,0.5
56,0
56,-0.5
56,0.5
56,0
56,0
56,-0.5
56,0
56,0.5
56,-0.5
56,0
56,0.5
56,-0.5
56,0.5
56,0
56,0
56,-0.5
56,0.5
56,0
56,0
56,0
56,0
56,0
56,0
56,0
56,0
56,1
56,0
56,0
56,0
56,0
56,0
56,0
56,0
56,0
56,0
56,0
56,-0.5
56,0.5
56,0
56,0
56,-0.5
56,0.5
56,0
56,0
56,0
56,0
56,0
56,0
56,0
56,0
56,0
56,0
56,0
56,0
56,0
56,0
56,0
56,0
56,-0.5
56,0.5
56,0
56,-0.5
56,0.5
56,0
56,0
56,-0.5
56,0.5
56,0
56,-0.5
56,0
56,0.5
56,0
56,0
56,0
56,0
56,-0.5
56,0.5
56,0
56,0
56,-0.5
56,0
56,0.5
56,0
56,0
56,-0.5
56,0.5
56,-0.5
56,0.5
56,-0.5
56,0
56,0.5
56,-0.5
56,0
56,0.5
56,-0.5
56,0.5
56,0
56,-0.5
56,0.5
56,-0.5
56,0
56,0.5
56,-0.5
56,0.5
56,0
56,0
56,0
56,0
56,0
56,0
56,0
56,0
56,0
56,0
56,0
56,0
56,0
57,0.5
57,1
57,-1
57,-0.5
57,1
57,0.5
57,-0.5
57,2.5
57,1.5
57,0
57,0
57,0
57,0
57,0
57,0
57,0.5
57,0.5
57,0
57,0
57,0
57,0
57,0
57,0
57,0
57,-1.5
57,-1.5
57,-0.5
57,-1
57,1
57,-1
57,0.5
57,-1.5
57,-0.5
57,-1.5
57,0
57,1
57,0.5
57,-0.5
57,-1.5
57,0.5
57,-0.5
57,0.5
57,0
57,0.5
57,0
57,0
57,1
57,0.5
57,0
57,0.5
57,-0.5
57,1
57,0.5
57,0.5
57,0
57,1
57,0
57,1
57,0.5
57,1
57,0
57,0
57,-0.5
57,0
57,-1
57,1.5
57,0
57,0
57,0
57,0
57,0
57,0
57,0
57,0
57,0
57,0
57,0
57,0
57,0
57,0
57,0
57,0
57,0
57,0
57,-0.5
57,0.5
57,-0.5
57,0
57,0
57,0.5
57,0
57,-0.5
57,0.5
57,0
57,0
57,-0.5
57,0
57,0.5
57,0
57,-0.5
57,0.5
57,0
57,0
57,-0.5
57,0.5
57,-0.5
57,0
57,0.5
57,0
57,0
57,0
57,0
57,0
57,-0.5
57,0.5
57,-0.5
57,0.5
57,-0.5
57,0
57,0.5
57,-0.5
57,0.5
57,-0.5
57,0.5
57,0
57,0
57,0
57,0
57,-0.5
57,0
57,0
57,0
57,0.5
57,0
57,0
57,0
57,0
57,0
57,0
57,0
57,-0.5
57,0
57,0.5
57,0
57,0.5
57,-1
57,1
57,0.5
57,0
57,0
57,0
57,-0.5
57,0
57,0.5
57,0
57,0
57,0
57,0
57,0
57,0
57,0
57,0
57,0
57,0
57,0
57,0
57,0
57,0
57,0
57,0
57,0
57,0
57,0
57,0
57,-0.5
57,0.5
57,0
57,0
57,-0.5
57,0.5
57,0
57,0
57,-0.5
57,0
57,0.5
57,0
57,0
57,0
57,0
57,0
57,0
57,0
57,0
57,0
57,0
57,-0.5
57,0.5
57,0
57,0
57,0
57,0
57,0
57,0
57,0
57,0
57,0
57,0
57,-0.5
57,0
57,0
57,0.5
57,0
57,0
57,0
57,0
57,0
57,0
57,0
57,0
57,0
57,0
57,0
57,0
57,0
57,0
57,0
57,0
57,-0.5
57,0
57,0.5
57,-1
57,-0.5
57,1
57,-1
57,0
57,0
57,0
57,0
57,0.5
57,0.5
57,0.5
57,0
57,-0.5
57,0
57,0
57,0
57,0.5
57,-0.5
57,0
57,0
57,-1
57,1.5
57,0
57,-0.5
57,-0.5
57,1
57,0
57,0
57,0
57,-0.5
57,0
57,0
57,0
57,0.5
57,0
57,-0.5
57,0
57,0.5
57,0
57,0
57,-0.5
57,0.5
57,0
57,0
57,0
57,-0.5
57,0
57,0.5
57,0
57,-0.5
57,0
57,0
57,0
57,0.5
57,0
57,0
57,0
57,0
58,2
58,1
58,0.5
58,1
58,1
58,-0.5
58,0
58,-1
58,0
58,1
58,0.5
58,0
58,0
58,0
58,-2
58,-0.5
58,0
58,0
58,-1
58,1
58,-1
58,0
58,0.5
58,0.5
58,0.5
58,0.5
58,-2
58,-1
58,0.5
58,0.5
58,-2.5
58,-0.5
58,0
58,0
58,0
58,0
58,1
58,0
58,0.5
58,0
58,0
58,0
58,0
58,0
58,-0.5
58,0.5
58,0
58,0
58,0.5
58,-1
58,0.5
58,0
58,0
58,0
58,0
58,0
58,-0.5
58,0
58,0
58,1
58,0.5
58,-0.5
58,0
58,0.5
58,0
58,0
58,0
58,0
58,0
58,0
58,1
58,0
58,0
58,0
58,-0.5
58,1
58,0
58,1.5
58,-0.5
58,0
58,0.5
58,0
58,0
58,0
58,0
58,-0.5
58,1
58,0.5
58,0
58,0
58,0
58,0
58,0
58,0
58,0
58,0
58,0
58,0
58,0
58,0
58,0
58,0
58,0
58,0
58,-0.5
58,0.5
58,0
58,0
58,0
58,0
58,0
58,0
58,0
58,0
58,0
58,0
58,0
58,-0.5
58,0.5
58,0
58,0
58,0
58,0
58,0
58,0
58,0
58,-0.5
58,0
58,0
58,0.5
58,0
58,0
58,0
58,0
58,0
58,0
58,0
58,-0.5
58,0.5
58,0
58,0
58,0
58,0
58,0
58,0
58,0
58,0
58,-0.5
58,0
58,0
58,0.5
58,0
58,0
58,-0.5
58,0
58,0
58,0
58,0
58,0
58,0.5
58,0
58,0
58,0
58,-0.5
58,0
58,0
58,0.5
58,0
58,-0.5
58,0.5
58,-0.5
58,0.5
58,-0.5
58,0.5
58,0
58,-0.5
58,0.5
58,0
58,-0.5
58,0
58,0
58,0
58,0.5
58,0
58,0
58,0
58,0
58,0
58,0
58,0
58,0
58,0
58,0
58,0
58,0
58,-0.5
58,0.5
58,0
58,0
58,0
58,0
58,0
58,0
58,0
58,0
58,0
58,-0.5
58,0.5
58,0
58,1
58,0
58,0
58,0
58,-0.5
58,0
58,0.5
58,0
58,0
58,-0.5
58,0
58,0.5
58,0
58,-0.5
58,0
58,0.5
58,-0.5
58,0
58,0
58,0.5
58,0
58,0
58,0
58,0
58,0
58,-0.5
58,0.5
58,0
58,0
58,0
58,0
58,0
58,0
58,0
58,-0.5
58,0.5
58,0
58,0
58,-0.5
58,0.5
58,0
58,0
58,0
58,-0.5
58,0
58,0
58,0
58,0.5
58,-0.5
58,0
58,0.5
58,-0.5
58,0
58,0.5
58,-0.5
58,0
58,0
58,0
58,0
58,0
58,0
58,0.5
58,0
58,0
58,0
58,0
58,0
58,0
58,0
58,0
58,0
58,0
58,0
58,0
58,0
58,0
58,0
58,-0.5
58,0
59,0.5
59,0.5
59,1
59,0
59,-0.5
59,-1.5
59,1
59,-0.5
59,-0.5
59,0.5
59,0.5
59,1
59,-1
59,-1.5
59,-0.5
59,1
59,0
59,-1
59,-0.5
59,0.5
59,0
59,-1
59,0
59,0.5
59,-0.5
59,-0.5
59,-1.5
59,0
59,0.5
59,0
59,0
59,0.5
59,0.5
59,0
59,0
59,0
59,0
59,0
59,-0.5
59,0
59,0.5
59,0
59,-0.5
59,0.5
59,0
59,0
59,-0.5
59,0.5
59,0
59,0
59,0
59,-0.5
59,0
59,0
59,0.5
59,-0.5
59,0.5
59,0
59,0
59,0
59,0
59,0
59,-0.5
59,1
59,0.5
59,0
59,0
59,0
59,0
59,0
59,0
59,0
59,0
59,0
59,0
59,0
59,-0.5
59,0.5
59,0
59,0
59,0
59,0
59,0
59,0
59,0
59,0
59,-0.5
59,0
59,0.5
59,0
59,0
59,0
59,0
59,0
59,-0.5
59,0
59,0.5
59,0
59,-0.5
59,0
59,0.5
59,0
59,0
59,-0.5
59,0
59,0
59,0.5
59,-0.5
59,0
59,0
59,0.5
59,0
59,0
59,0
59,0
59,0
59,0
59,0
59,-0.5
59,0.5
59,-0.5
59,0
59,0.5
59,-0.5
59,0
59,0.5
59,0
59,0
59,0
59,0
59,0
59,0
59,0
59,0
59,0
59,0
59,0
59,0
59,-0.5
59,0.5
59,0
59,-0.5
59,0
59,0.5
59,-0.5
59,0.5
59,1
59,0
59,-0.5
59,0.5
59,0
59,-1.5
59,1
59,0.5
59,-0.5
59,0.5
59,0
59,0
59,0
59,0
59,0
59,0
59,0
59,0
59,0
59,0
59,0
59,0
59,0
59,0
59,0
59,0
59,0
59,-0.5
59,0
59,0.5
59,0
59,-0.5
59,0
59,0.5
59,0
59,0
59,-0.5
59,0
59,0
59,0
59,0
59,0.5
59,-0.5
59,0.5
59,0
59,0
59,0
59,0
59,0
59,-0.5
59,0.5
59,-0.5
59,0
59,0
59,0.5
59,0
59,0
59,0
59,0
59,0
59,-0.5
59,0.5
59,0
59,0
59,0
59,-0.5
59,0
59,0.5
59,0
59,0
59,-0.5
59,0
59,0
59,0.5
59,-0.5
59,0.5
59,-0.5
59,0
59,0
59,0
59,0.5
59,0
59,0
59,0
59,0
59,0
59,0
59,0
59,0
59,-0.5
59,0
59,0
59,0
59,0.5
59,0
59,0
59,-0.5
59,0.5
59,0
59,0
59,0
59,0
59,0
59,0
59,-0.5
59,0.5
59,0
59,0
59,-0.5
59,0
59,0.5
59,0
59,0
59,0
59,0
59,0
59,0
59,0
59,0
59,0
59,0
59,0
59,0
59,0
59,-0.5
59,0
59,0.5
59,-0.5
59,0.5
59,0
59,0
59,0
59,0
59,0
59,-0.5
59,0
59,0
59,0
59,0.5
59,0
59,-0.5
59,0.5
60,0.5
60,0
60,-1
60,-0.5
60,1
60,0.5
60,0
60,0
60,0
60,-0.5
60,0
60,0.5
60,0
60,-0.5
60,0.5
60,-0.5
60,1
60,0
60,0
60,1
60,1
60,0.5
60,-1.5
60,1
60,0.5
60,0
60,0
60,0
60,0
60,0
60,0
60,0
60,0
60,0
60,0.5
60,0.5
60,-0.5
60,0
60,0
60,0.5
60,0
60,-0.5
60,0.5
60,-0.5
60,0.5
60,0
60,0
60,0
60,0
60,0
60,0
60,0
60,0
60,0
60,0
60,-0.5
60,0
60,0.5
60,-1
60,-0.5
60,0
60,-0.5
60,0
60,-0.5
60,-1
60,0.5
60,0.5
60,0
60,0.5
60,0
60,0
60,0
60,-0.5
60,1
60,0.5
60,0
60,-0.5
60,0
60,0
60,0
60,0.5
60,-0.5
60,0
60,0
60,0.5
60,-0.5
60,0.5
60,0
60,-0.5
60,0.5
60,-0.5
60,0.5
60,0.5
60,0
60,0.5
60,0
60,0
60,-0.5
60,0.5
60,0
60,0
60,0
60,0
60,0
60,0
60,0
60,0
60,0
60,0
60,0
60,0
60,0
60,0
60,0
60,0
60,0
60,0
60,0
60,0
60,0
60,-0.5
60,0.5
60,0
60,0
60,0
60,0
60,0
60,0
60,-0.5
60,0
60,0.5
60,0
60,0
60,0
60,0
60,0
60,0
60,-0.5
60,0
60,0
60,0
60,0.5
60,0
60,-0.5
60,0
60,0.5
60,-0.5
60,0
60,0
60,0
60,0
60,0.5
60,0
60,0
60,0
60,0
60,0
60,0
60,0
60,0
60,-0.5
60,0
60,0
60,0
60,0.5
60,0
60,0
60,0
60,0
60,0
60,0
60,0
60,0
60,0
60,0
60,0
60,0
60,-0.5
60,0.5
60,0
60,0
60,0
60,-0.5
60,0
60,0.5
60,0
60,0
60,0
60,-0.5
60,0.5
60,-0.5
60,0.5
60,0
60,0
60,0
60,0
60,0
60,0
60,0
60,0
60,-0.5
60,0
60,0.5
60,0
60,-0.5
60,0.5
60,0
60,0
60,0
60,0
60,0
60,0
60,0
60,0
60,0
60,0
60,0
60,0
60,0
60,0
60,0
60,0
60,0
60,0
60,0
60,0
60,0
60,0
60,0
60,0
60,0
60,0
60,0
60,0
60,0
60,0
60,0
60,0
60,0
60,0
60,0
60,0
60,0
60,0
60,0
60,0
60,0
60,0
60,0
60,0
60,0
60,0
60,0
60,0
60,0
60,0
60,0
60,0
60,0
60,0
60,0
60,0
60,0
60,0
60,0
60,0
60,0
60,0
60,0
60,0
60,0
60,0
60,0
60,0
60,0
60,0
60,0
60,1
60,0
60,-0.5
60,0.5
60,0
60,0
60,0
60,0
60,0
60,0
60,0
61,0
61,-2
61,0
61,1
61,1
61,0
61,0
61,1.5
61,0
61,0
61,-0.5
61,0
61,0
61,1.5
61,0
61,0.5
61,1
61,0
61,-1
61,0.5
61,-0.5
61,-0.5
61,1
61,-2.5
61,0
61,0.5
61,1.5
61,0
61,0.5
61,0
61,0
61,0.5
61,0
61,0.5
61,0.5
61,0
61,0.5
61,0
61,0
61,0
61,0
61,-0.5
61,0.5
61,1
61,0
61,0
61,0
61,0
61,0
61,0
61,0
61,0
61,0
61,0
61,0
61,-0.5
61,0.5
61,0
61,0
61,0
61,0
61,0
61,0
61,-0.5
61,0
61,0
61,0.5
61,-0.5
61,0.5
61,0
61,0
61,0
61,-0.5
61,0.5
61,0
61,-0.5
61,0
61,0
61,0
61,0
61,0
61,0.5
61,-0.5
61,0.5
61,0
61,0
61,0
61,0
61,0
61,0
61,-0.5
61,0.5
61,0
61,0
61,0
61,0
61,0
61,0
61,0
61,0
61,0
61,0
61,0
61,0
61,1
61,-0.5
61,0
61,0
61,0.5
61,0
61,-0.5
61,0.5
61,0
61,-0.5
61,0
61,0.5
61,0
61,0
61,0
61,0
61,0
61,0
61,0
61,0
61,-0.5
61,0
61,0.5
61,0
61,-0.5
61,0
61,0.5
61,0
61,0
61,0
61,0
61,0
61,0
61,0
61,0
61,0
61,-0.5
61,0
61,0
61,0.5
61,0
61,-0.5
61,0.5
61,-0.5
61,0
61,0.5
61,0
61,-0.5
61,0
61,0.5
61,0
61,-0.5
61,0
61,0.5
61,-0.5
61,0.5
61,-0.5
61,0.5
61,0
61,0
61,0
61,-0.5
61,0.5
61,0
61,0
61,0
61,0
61,0
61,0
61,0
61,0
61,0
61,0
61,0
61,0
61,0
61,0
61,0
61,0
61,0
61,-0.5
61,0
61,0.5
61,-0.5
61,0
61,0
61,0.5
61,0
61,0
61,0
61,0
61,0
61,0
61,-0.5
61,0
61,0
61,0
61,0
61,0
61,0
61,0
61,0.5
61,0
61,-0.5
61,0.5
61,0
61,0
61,0
61,0
61,0
61,0
61,0
61,0
61,0
61,0
61,0
61,0
61,0
61,0
61,0
61,0
61,0
61,0
61,0
61,0
61,-0.5
61,0.5
61,0
61,0
61,0
61,0
61,-0.5
61,0
61,0
61,0
61,0
61,0
61,0
61,0.5
61,0
61,0
61,-0.5
61,0.5
61,0
61,-0.5
61,0
61,0.5
61,0
61,0
61,-0.5
61,0.5
61,-0.5
61,0.5
61,0
61,0
61,0
61,0
61,0
61,0
61,0
61,-0.5
61,0
61,0.5
61,0
61,-0.5
61,0.5
61,0.5
61,0
61,0
61,0.5
61,-0.5
61,0.5
61,0
61,-0.5
61,0.5
61,0
61,0
61,0
61,0
61,0
61,0
61,0
61,0
61,-0.5
62,-0.5
62,2.5
62,-1.5
62,-0.5
62,0.5
62,1
62,0.5
62,0
62,0.5
62,1
62,0
62,-1
62,0.5
62,1
62,0
62,0
62,-0.5
62,0
62,0
62,0.5
62,-1.5
62,0
62,1.5
62,0
62,0
62,0
62,0
62,0
62,0
62,0
62,0
62,0
62,-0.5
62,0.5
62,0
62,0
62,0
62,0
62,0
62,-0.5
62,0.5
62,-0.5
62,0.5
62,0
62,-0.5
62,0.5
62,0
62,-0.5
62,0.5
62,0
62,-0.5
62,0.5
62,-0.5
62,0.5
62,0
62,0
62,-0.5
62,0
62,-0.5
62,0
62,-0.5
62,-1
62,0
62,1.5
62,-1.5
62,0
62,0
62,-1
62,1
62,0.5
62,-0.5
62,0.5
62,0
62,0.5
62,0.5
62,-0.5
62,1
62,0.5
62,0
62,0
62,0
62,0
62,0
62,-0.5
62,0.5
62,-0.5
62,0
62,0.5
62,0
62,0
62,0
62,-0.5
62,0
62,0
62,0.5
62,0
62,-0.5
62,0.5
62,0
62,0
62,0
62,0
62,0
62,-0.5
62,0
62,0.5
62,0
62,0
62,0
62,0
62,0
62,0
62,0
62,0
62,0
62,0
62,0
62,0
62,0
62,0
62,0
62,0
62,-0.5
62,0.5
62,0
62,0
62,0
62,0.5
62,0.5
62,0
62,0
62,0
62,0
62,-0.5
62,0
62,0.5
62,0
62,0
62,0
62,-0.5
62,0
62,0.5
62,-0.5
62,0.5
62,0
62,0
62,0
62,-0.5
62,0
62,0.5
62,0
62,0
62,0
62,0
62,0
62,0
62,0
62,-0.5
62,0.5
62,0
62,0
62,0
62,0
62,-0.5
62,0
62,0
62,0.5
62,0
62,0
62,0
62,-0.5
62,0.5
62,0
62,0
62,0
62,0
62,0
62,0
62,0
62,0
62,0
62,-0.5
62,0.5
62,0
62,0
62,0
62,-0.5
62,0.5
62,0
62,0
62,0
62,0
62,0
62,0
62,0
62,0
62,0
62,0
62,0
62,0
62,0
62,0
62,0
62,0
62,0
62,0
62,0
62,-0.5
62,0.5
62,0
62,-0.5
62,0
62,0
62,0
62,0.5
62,-0.5
62,0.5
62,0
62,0
62,0
62,0
62,0
62,0
62,0
62,0
62,0
62,0
62,0
62,-0.5
62,0.5
62,0
62,0
62,0
62,0
62,0
62,-0.5
62,0.5
62,-0.5
62,0
62,0
62,0.5
62,0
62,0
62,0
62,0
62,0
62,0
62,0
62,0
62,0
62,0
62,0
62,0
62,-0.5
62,0.5
62,0
62,0
62,0
62,0
62,0
62,0
62,0
62,0
62,0
62,0
62,-0.5
62,0.5
62,0
62,-0.5
62,0
62,0
62,0
62,0.5
62,0
62,0
62,-0.5
62,0
62,0.5
62,0
62,0
62,0
62,0
62,0
62,0
62,-0.5
62,0.5
62,0
62,0
63,0
63,0
63,0
63,0
63,0
63,-0.5
63,0
63,-0.5
63,-0.5
63,0
63,1
63,0
63,-1
63,-1
63,1.5
63,-0.5
63,0.5
63,-1.5
63,0
63,0
63,-1
63,0
63,0.5
63,-0.5
63,0
63,0.5
63,0.5
63,0
63,-1
63,0
63,0.5
63,0.5
63,-0.5
63,0
63,0
63,0
63,0
63,0
63,0
63,0
63,0
63,0
63,0
63,-1
63,0.5
63,0
63,0
63,0
63,0
63,0.5
63,0
63,0
63,0.5
63,0.5
63,0
63,0
63,0
63,0
63,-0.5
63,0.5
63,-0.5
63,0.5
63,0
63,0
63,0
63,0
63,0
63,0
63,0
63,0
63,0
63,0
63,0
63,0
63,0
63,0
63,0
63,0
63,-0.5
63,0
63,0.5
63,0
63,-0.5
63,0
63,0.5
63,0
63,0
63,0
63,0
63,-0.5
63,0.5
63,0
63,-0.5
63,0
63,0
63,1.5
63,-0.5
63,-1
63,0
63,1
63,-1
63,0.5
63,-0.5
63,0.5
63,-0.5
63,1.5
63,0
63,-1.5
63,0.5
63,0.5
63,-0.5
63,0
63,0
63,0
63,0
63,0
63,-0.5
63,0
63,0
63,0.5
63,0
63,0
63,0
63,-0.5
63,0.5
63,0
63,0
63,0
63,0
63,0.5
63,0.5
63,0
63,-0.5
63,0.5
63,0
63,0
63,0
63,0
63,0
63,0
63,0
63,0
63,-0.5
63,0
63,0
63,0
63,0.5
63,0
63,0
63,-0.5
63,0
63,0
63,0.5
63,0
63,-0.5
63,0.5
63,0
63,0
63,0
63,0
63,0
63,0
63,0
63,0
63,0
63,0
63,0
63,0
63,0
63,0
63,0
63,-0.5
63,0.5
63,0
63,0
63,0
63,0
63,0
63,0
63,0
63,0
63,0
63,0
63,0
63,-0.5
63,0.5
63,0
63,-0.5
63,0
63,0
63,0.5
63,0
63,0
63,-0.5
63,0
63,0.5
63,0
63,0
63,0
63,0
63,0
63,0
63,0
63,0
63,0
63,0
63,0
63,0
63,0
63,-0.5
63,0
63,0.5
63,0
63,0
63,0
63,0
63,0
63,0
63,-0.5
63,0.5
63,0
63,0
63,0
63,0
63,0
63,0
63,0
63,0
63,-0.5
63,0
63,0.5
63,-0.5
63,0.5
63,0
63,0
63,0
63,0
63,0
63,0
63,0
63,0
63,0
63,0
63,-0.5
63,0
63,0
63,0
63,0
63,0
63,0.5
63,0
63,-0.5
63,0
63,0
63,0.5
63,0
63,-0.5
63,0
63,0.5
63,-0.5
63,0
63,0.5
63,-0.5
63,0
63,0.5
63,0
63,0
63,0
63,0
63,0
63,0
63,0
63,0
63,-0.5
63,0
63,0.5
63,-0.5
63,0.5
63,-0.5
63,0.5
63,0
63,-0.5
63,0
63,0
63,0.5
63,0
63,0
63,0
64,-4
64,1
64,-0.5
64,0
64,0
64,-1.5
64,0
64,-1.5
64,0
64,0
64,0.5
64,0.5
64,0.5
64,2.5
64,0
64,1
64,-0.5
64,0
64,0
64,2
64,0.5
64,0
64,-0.5
64,-0.5
64,-2
64,0
64,-1.5
64,0.5
64,-1.5
64,-0.5
64,-1.5
64,-0.5
64,-1
64,0.5
64,0
64,1
64,0
64,0.5
64,0
64,0
64,-0.5
64,0
64,0.5
64,0
64,0
64,0
64,0
64,0
64,0
64,-0.5
64,1.5
64,-0.5
64,0
64,0
64,-1
64,1.5
64,0
64,0
64,0
64,0
64,0
64,0
64,0
64,0
64,-0.5
64,0.5
64,0
64,0
64,-1.5
64,0.5
64,-0.5
64,1.5
64,0
64,0
64,0
64,-0.5
64,0.5
64,0
64,0
64,0
64,0
64,-0.5
64,0.5
64,-0.5
64,0.5
64,0
64,0
64,-0.5
64,0.5
64,-0.5
64,0
64,0
64,0
64,0
64,0
64,0.5
64,-0.5
64,0
64,0.5
64,0
64,0
64,0
64,0
64,0
64,0
64,0
64,0
64,0
64,0
64,-0.5
64,0.5
64,0
64,0
64,0
64,0
64,0
64,0
64,0
64,0
64,0
64,0
64,0
64,0
64,0
64,0
64,0
64,0
64,0
64,0
64,0
64,0
64,0
64,0
64,-0.5
64,0.5
64,0
64,-0.5
64,0
64,1
64,0
64,0.5
64,-0.5
64,0
64,0.5
64,0
64,0
64,0
64,0
64,-0.5
64,0.5
64,0
64,0
64,0
64,0
64,-0.5
64,0
64,0
64,0
64,0.5
64,0
64,-0.5
64,0.5
64,0
64,0
64,-0.5
64,0.5
64,0
64,0
64,0
64,0
64,0
64,0
64,0
64,0
64,0
64,0
64,0
64,0
64,0
64,0
64,-0.5
64,0
64,0
64,0.5
64,0
64,-0.5
64,0.5
64,0
64,0
64,0
64,0
64,0
64,0
64,-0.5
64,0.5
64,-0.5
64,0
64,0
64,0.5
64,0
64,-0.5
64,0
64,0.5
64,-0.5
64,0.5
64,0
64,-0.5
64,0.5
64,-0.5
64,0
64,0.5
64,-0.5
64,0.5
64,-0.5
64,0.5
64,0
64,0
64,0
64,0
64,0
64,0
64,-0.5
64,0.5
64,0
64,0
64,0
64,0
64,0
64,0
64,0
64,0
64,0
64,0
64,0
64,0
64,0
64,0
64,0
64,-0.5
64,0
64,0.5
64,-0.5
64,0.5
64,0
64,0
64,-0.5
64,0
64,0.5
64,0
64,0
64,0
64,0
64,0
64,0
64,0
64,0
64,-0.5
64,0.5
64,0
64,-0.5
64,0
64,0.5
64,0
64,0
64,0
64,0
64,0
64,-0.5
64,0.5
64,0
64,0
64,-0.5
64,0
64,0.5
64,0
64,0
64,0
64,0
64,0
64,0
64,0
64,0
64,0
64,0
64,0
64,0
64,0
64,0
65,-1
65,1
65,0
65,-1
65,1
65,-1
65,0
65,1
65,0.5
65,-0.5
65,0
65,0.5
65,-0.5
65,0
65,0
65,-0.5
65,0.5
65,-1
65,-1
65,-1
65,0
65,0
65,0
65,0
65,0
65,-1
65,0
65,1
65,0.5
65,1
65,0
65,-0.5
65,0.5
65,0
65,0
65,0
65,0
65,0
65,0
65,0
65,0
65,0
65,0
65,0
65,0
65,0
65,-0.5
65,0.5
65,0
65,1
65,-0.5
65,0
65,0.5
65,-0.5
65,0
65,0.5
65,0
65,0
65,0
65,0
65,0
65,-0.5
65,0
65,0.5
65,-0.5
65,0
65,0.5
65,0
65,-0.5
65,0.5
65,0
65,0
65,0
65,0
65,0
65,0
65,0
65,0
65,0
65,-0.5
65,0
65,0.5
65,-0.5
65,0.5
65,0
65,0
65,0
65,0
65,0
65,-0.5
65,0
65,0.5
65,0
65,0
65,0
65,0
65,0
65,0
65,0
65,0
65,0
65,0
65,0
65,0
65,0
65,0
65,0
65,-0.5
65,0
65,0
65,0
65,0
65,0
65,0
65,0
65,0
65,0.5
65,0
65,0
65,0
65,0
65,0
65,0
65,0
65,0
65,0
65,0
65,-0.5
65,0
65,0
65,0
65,0.5
65,0
65,0
65,0
65,0
65,0
65,0
65,0.5
65,0.5
65,-0.5
65,0.5
65,0
65,-0.5
65,0.5
65,0
65,1
65,0
65,0
65,0
65,0
65,-0.5
65,0.5
65,0
65,0
65,0
65,-0.5
65,0
65,0
65,0
65,0
65,0
65,0.5
65,0
65,-0.5
65,0
65,0
65,0
65,0.5
65,0
65,-0.5
65,0
65,0
65,0
65,0
65,0
65,0
65,0
65,0.5
65,-0.5
65,0
65,0.5
65,0
65,0
65,0
65,-0.5
65,0
65,0.5
65,0
65,-0.5
65,0.5
65,-0.5
65,0
65,0.5
65,0
65,-0.5
65,0.5
65,0
65,0
65,0
65,-0.5
65,0.5
65,0
65,0
65,0
65,0
65,0
65,0
65,0
65,0
65,0
65,0
65,0
65,-0.5
65,0.5
65,0
65,0
65,0
65,0
65,0
65,0
65,0
65,-0.5
65,0.5
65,-0.5
65,0
65,0
65,0.5
65,0
65,0
65,-0.5
65,0
65,0.5
65,0
65,-0.5
65,0
65,0
65,0
65,0.5
65,-0.5
65,0
65,0
65,0.5
65,0
65,0
65,-0.5
65,0.5
65,0
65,0
65,-0.5
65,0
65,0.5
65,0
65,0
65,-0.5
65,0.5
65,0
65,0
65,-0.5
65,0.5
65,0
65,0
65,0
65,0
65,0
65,0
65,0
65,0
65,0
65,0
65,0
65,0
65,0
65,0
65,0
65,0
65,0
65,0
65,0
65,0
65,-0.5
65,0
65,0
65,0.5
65,-0.5
65,0.5
65,-0.5
65,0
66,0
66,0.5
66,-1
66,-0.5
66,-1
66,0.5
66,0
66,0.5
66,0
66,0
66,0
66,0.5
66,0
66,1
66,1.5
66,0.5
66,0
66,1.5
66,2
66,0
66,1.5
66,2
66,0.5
66,-0.5
66,1.5
66,0
66,0
66,1
66,0
66,0
66,-0.5
66,0.5
66,0
66,-0.5
66,1.5
66,-0.5
66,0.5
66,0
66,0
66,0
66,0
66,0
66,0
66,0
66,0
66,0
66,0
66,0
66,0
66,0
66,0
66,0
66,0
66,0
66,0
66,0
66,0
66,0
66,0
66,1
66,0
66,0
66,0
66,0
66,-0.5
66,0
66,0
66,0
66,0.5
66,0
66,0
66,0
66,0
66,-0.5
66,0
66,0.5
66,-0.5
66,0
66,0.5
66,0
66,-0.5
66,0.5
66,0
66,0
66,0
66,0
66,-0.5
66,0
66,0
66,0.5
66,0
66,0
66,-0.5
66,0
66,0.5
66,0
66,-0.5
66,0.5
66,0
66,0
66,0
66,-0.5
66,0
66,0
66,0.5
66,-1.5
66,-0.5
66,0
66,0.5
66,0
66,0
66,-1
66,0
66,0
66,0.5
66,0
66,0
66,0
66,0
66,-0.5
66,0
66,1
66,0.5
66,0
66,0
66,0
66,0.5
66,0.5
66,0
66,0
66,0
66,0
66,0
66,0
66,0
66,0
66,0
66,0
66,0
66,-0.5
66,-1
66,0
66,0
66,0.5
66,-0.5
66,1.5
66,0
66,0
66,-0.5
66,0.5
66,-0.5
66,1
66,0
66,-1
66,-1
66,0
66,1
66,0.5
66,0
66,0
66,0
66,0
66,-0.5
66,0
66,0.5
66,-1.5
66,-1
66,1
66,0.5
66,0
66,0
66,-0.5
66,0
66,0.5
66,-0.5
66,0
66,-1
66,0
66,0.5
66,1
66,0
66,0
66,-0.5
66,0.5
66,0
66,0
66,0
66,0
66,0
66,0
66,0
66,0
66,0
66,0
66,0
66,0
66,0
66,0.5
66,0
66,0.5
66,0
66,-0.5
66,0.5
66,0
66,0
66,0
66,0
66,0
66,0
66,0
66,0
66,-0.5
66,0.5
66,0
66,0
66,0
66,0
66,0
66,0
66,0
66,0
66,0
66,0
66,0
66,0
66,0
66,0
66,0
66,0
66,0
66,0
66,0
66,-0.5
66,0.5
66,0
66,0
66,-0.5
66,0.5
66,0
66,-0.5
66,0.5
66,0
66,0
66,0
66,-0.5
66,0
66,0.5
66,0
66,0
66,0
66,0
66,0
66,0
66,0
66,0
66,0
66,0
66,0
66,0
66,-0.5
66,0.5
66,0
66,0
66,0
66,0
66,0
66,0
66,0
66,0
66,0
66,0
66,0
66,0
66,0
66,0
66,0
66,0.5
66,0
66,0.5
66,0
66,0
66,-0.5
66,0
66,0.5
66,0
66,0
66,-0.5
66,0.5
67,-1
67,2.5
67,0
67,0.5
67,0.5
67,0
67,0.5
67,-1
67,1.5
67,0
67,1
67,1
67,0
67,0
67,-1.5
67,0
67,0.5
67,0
67,1.5
67,0
67,0.5
67,-1.5
67,1
67,0.5
67,-0.5
67,-1
67,0.5
67,0
67,0
67,0
67,-0.5
67,0
67,0
67,1.5
67,0
67,0
67,0
67,0
67,0
67,0
67,0
67,0
67,0
67,0
67,0
67,-0.5
67,0.5
67,0
67,0
67,0
67,0
67,0
67,0
67,0
67,0
67,0
67,0
67,0
67,0
67,0
67,0
67,0
67,-0.5
67,0.5
67,0
67,0
67,0
67,-0.5
67,0.5
67,-0.5
67,0.5
67,0
67,-0.5
67,0.5
67,0
67,0
67,0
67,0
67,0
67,0
67,0
67,-0.5
67,0.5
67,0
67,-0.5
67,0
67,0.5
67,0
67,0
67,-0.5
67,-1
67,-0.5
67,0.5
67,0.5
67,-0.5
67,-0.5
67,-0.5
67,0
67,0
67,0
67,0.5
67,0
67,0
67,-0.5
67,0.5
67,0
67,0
67,0
67,-0.5
67,0.5
67,-0.5
67,0
67,0
67,0.5
67,0
67,-0.5
67,0
67,1.5
67,0
67,0
67,-0.5
67,0
67,0.5
67,0
67,0
67,0
67,0
67,0
67,0
67,0
67,0
67,0
67,0
67,-0.5
67,0
67,0.5
67,0
67,0
67,0
67,0
67,-0.5
67,0.5
67,0
67,0
67,0
67,0
67,0
67,0
67,0
67,0
67,0
67,0
67,0
67,0.5
67,-1
67,1
67,-1
67,0.5
67,0
67,0
67,0.5
67,0.5
67,0
67,0
67,0
67,0
67,0
67,0
67,0
67,0
67,0
67,0
67,0
67,0
67,0
67,0
67,-0.5
67,0
67,0.5
67,0
67,0
67,0
67,0
67,0
67,0
67,0
67,0
67,0
67,0
67,0
67,0
67,-0.5
67,0.5
67,0
67,0
67,0
67,0
67,0
67,0
67,0
67,-0.5
67,0.5
67,0
67,0
67,0
67,0
67,-0.5
67,0.5
67,0
67,-0.5
67,0.5
67,0
67,0
67,0
67,0
67,-0.5
67,0.5
67,0
67,-0.5
67,0.5
67,0
67,0
67,0
67,0
67,0
67,0
67,0
67,0
67,0
67,0
67,0
67,-0.5
67,0.5
67,0
67,0
67,0
67,0
67,0
67,0
67,-0.5
67,0
67,0
67,0
67,0.5
67,-0.5
67,0.5
67,-0.5
67,0.5
67,0
67,0
67,0
67,0
67,0
67,0
67,-0.5
67,0.5
67,-0.5
67,0.5
67,0
67,-0.5
67,0.5
67,0
67,0
67,0
67,-0.5
67,0
67,0
67,0.5
67,0
67,0
67,0
67,0
67,0
67,0
67,0
67,0
67,0
67,0
67,0
67,0
67,0
67,0
67,0
67,0
67,0
67,0
67,0
67,0
68,-0.5
68,0.5
68,0
68,1
68,-0.5
68,0.5
68,-0.5
68,1.5
68,-0.5
68,0.5
68,0
68,0.5
68,0.5
68,-0.5
68,0
68,0
68,0.5
68,0
68,0
68,0
68,0
68,-0.5
68,0.5
68,-1.5
68,0
68,-1
68,-1
68,0
68,1
68,-1.5
68,0
68,0.5
68,-1
68,0
68,1.5
68,-0.5
68,0.5
68,0
68,0.5
68,0
68,0
68,-2
68,0.5
68,-0.5
68,1.5
68,-0.5
68,-0.5
68,0
68,0.5
68,0.5
68,1
68,-1
68,0
68,0.5
68,0
68,0
68,0
68,0
68,0
68,0
68,0
68,0.5
68,0
68,0
68,0
68,0
68,0
68,0
68,0
68,1
68,0
68,0
68,0
68,0
68,0
68,0
68,0
68,0
68,0
68,0
68,0
68,0
68,0
68,0
68,0
68,0
68,0
68,-0.5
68,0
68,0.5
68,0
68,0
68,0
68,0
68,0
68,0
68,0
68,0
68,0
68,-0.5
68,0.5
68,0
68,0
68,-0.5
68,0.5
68,-0.5
68,0
68,0
68,0
68,0
68,0
68,0
68,0.5
68,0
68,0
68,0
68,0
68,0
68,0
68,0
68,0
68,0
68,0
68,0
68,0
68,-0.5
68,0.5
68,0
68,0
68,0
68,0
68,0
68,0
68,0
68,0
68,0
68,-0.5
68,0.5
68,0
68,0
68,0
68,0
68,0
68,0
68,0
68,0
68,0.5
68,0
68,0
68,0.5
68,-0.5
68,0
68,0.5
68,0
68,0
68,0
68,0
68,0
68,0
68,0
68,-0.5
68,0
68,0
68,0
68,0
68,-1
68,0
68,1.5
68,0
68,0
68,1
68,-0.5
68,0.5
68,0
68,0
68,0
68,-1
68,1
68,-0.5
68,0.5
68,0
68,-1.5
68,1.5
68,-0.5
68,0
68,0.5
68,-0.5
68,0
68,0.5
68,0
68,0
68,0
68,-0.5
68,0
68,0.5
68,0
68,0
68,0
68,0
68,0
68,-0.5
68,0.5
68,-0.5
68,0.5
68,0
68,-0.5
68,0.5
68,0
68,0
68,0
68,0
68,0
68,0
68,0
68,0
68,0
68,0
68,0
68,0
68,0
68,0
68,0
68,0
68,0
68,0
68,0
68,0
68,0
68,0
68,0
68,-0.5
68,0
68,0
68,0.5
68,0
68,0
68,0
68,-0.5
68,0
68,0.5
68,0
68,-0.5
68,0
68,-1
68,1.5
68,0
68,-0.5
68,0.5
68,-0.5
68,0.5
68,0
68,0
68,-0.5
68,0
68,0
68,0
68,0
68,0
68,0
68,-1
68,0.5
68,0.5
68,0
68,-0.5
68,0.5
68,0.5
68,0
68,-0.5
68,-1
68,0
68,0.5
68,0
68,0
68,0
68,0
68,0.5
68,0.5
68,0
68,0
68,0
68,0
68,0
68,0
68,0
68,0
68,0
68,0
68,0
69,0
69,-1.5
69,-1
69,1
69,-0.5
69,0.5
69,-0.5
69,-2
69,1.5
69,-0.5
69,0
69,0.5
69,1
69,0
69,0
69,-1.5
69,1.5
69,-1.5
69,1
69,-1
69,2.5
69,0
69,-1
69,1.5
69,0.5
69,0.5
69,0.5
69,0
69,-0.5
69,0.5
69,1
69,0.5
69,0.5
69,0
69,0
69,0
69,0
69,-0.5
69,0.5
69,-0.5
69,0.5
69,0
69,-0.5
69,0
69,0.5
69,0
69,0
69,0
69,0
69,-0.5
69,0
69,0
69,0
69,0.5
69,0
69,-0.5
69,0.5
69,0
69,0
69,0
69,0
69,0
69,0
69,0
69,0
69,0
69,0
69,0
69,0
69,0
69,0
69,0
69,-0.5
69,0
69,0
69,0.5
69,0
69,-0.5
69,0.5
69,0
69,0
69,0
69,0
69,0
69,0
69,0
69,0
69,-0.5
69,0
69,0
69,0
69,0
69,0.5
69,-0.5
69,0.5
69,0
69,0
69,0.5
69,0.5
69,0
69,0
69,0
69,0
69,0
69,0
69,0
69,0
69,0
69,0
69,0
69,0
69,0
69,0
69,0
69,-0.5
69,0.5
69,0
69,0
69,0
69,0
69,0
69,0
69,0
69,0
69,0
69,0
69,0
69,0
69,0
69,0
69,0
69,0
69,0
69,0
69,0
69,0
69,0
69,0
69,0
69,0
69,0
69,0
69,0
69,-0.5
69,0
69,0.5
69,0
69,0
69,0
69,0
69,0
69,0
69,0
69,0
69,0
69,0
69,0
69,0
69,0
69,-0.5
69,0
69,0
69,0
69,0.5
69,-0.5
69,0.5
69,0
69,-0.5
69,0
69,0
69,0
69,0
69,0
69,0.5
69,-0.5
69,0.5
69,0
69,0
69,0
69,0
69,0
69,0
69,-0.5
69,0.5
69,0
69,0
69,0
69,0
69,0
69,-0.5
69,0
69,0
69,0
69,0.5
69,0
69,0
69,-0.5
69,0.5
69,-0.5
69,0
69,0
69,0.5
69,0
69,0
69,0
69,0
69,0
69,0
69,0
69,-0.5
69,0
69,0.5
69,0
69,-0.5
69,0
69,0
69,0.5
69,0
69,0
69,0
69,-0.5
69,0.5
69,-0.5
69,0.5
69,-0.5
69,0
69,0
69,0.5
69,0
69,0
69,0
69,0
69,0
69,0
69,0
69,-0.5
69,0
69,1
69,-1
69,0
69,0.5
69,1
69,0
69,-0.5
69,0
69,0
69,-1
69,1.5
69,-0.5
69,0
69,0.5
69,0
69,0
69,0
69,0
69,0
69,0
69,0
69,0
69,0
69,0
69,0
69,0
69,0
69,-0.5
69,0.5
69,-0.5
69,0.5
69,0
69,0
69,0
69,0
69,-0.5
69,0
69,0.5
69,0
69,0
69,0
69,-0.5
69,0
69,0.5
69,0
69,0
69,0
69,0
69,0
69,0
69,0
70,0
70,-0.5
70,-3
70,0
70,-1
70,-2
70,-3.5
70,0.5
70,0.5
70,0
70,0.5
70,0.5
70,0
70,0
70,-0.5
70,0.5
70,0
70,0.5
70,0
70,-0.5
70,0
70,0
70,-0.5
70,0
70,0.5
70,0
70,0
70,0.5
70,-0.5
70,0.5
70,0
70,-1
70,1
70,0.5
70,0
70,-0.5
70,0
70,0.5
70,-0.5
70,0
70,0.5
70,0
70,0
70,0
70,0
70,-0.5
70,0.5
70,0
70,0
70,0
70,-0.5
70,0
70,0
70,0.5
70,0
70,-0.5
70,0
70,0.5
70,0
70,0
70,0
70,0
70,0
70,-0.5
70,0
70,0.5
70,-0.5
70,0
70,0.5
70,-0.5
70,0
70,0.5
70,-0.5
70,0.5
70,0
70,1
70,-1.5
70,0
70,1.5
70,0
70,0
70,-0.5
70,0.5
70,-0.5
70,0.5
70,-0.5
70,0.5
70,0
70,-0.5
70,0
70,0
70,-0.5
70,1
70,-0.5
70,0
70,0
70,0.5
70,0
70,0
70,0
70,0
70,0
70,0
70,0
70,0
70,0
70,0
70,0
70,0
70,-0.5
70,0
70,0.5
70,-0.5
70,0.5
70,-0.5
70,0.5
70,0
70,0.5
70,0
70,0.5
70,0
70,0
70,0
70,0
70,0
70,0
70,0
70,-0.5
70,0
70,0
70,-1
70,0
70,0
70,-1.5
70,0.5
70,0
70,1
70,-0.5
70,0
70,-0.5
70,0
70,0
70,0
70,0
70,0
70,1.5
70,0
70,0
70,0
70,0
70,0
70,0
70,0
70,-0.5
70,0.5
70,0
70,0
70,0
70,0
70,0
70,0
70,1
70,0
70,0
70,0
70,0
70,0
70,0
70,0
70,0
70,0
70,0
70,0
70,0
70,0
70,0
70,0
70,0
70,-0.5
70,0
70,0.5
70,0
70,0
70,0
70,-0.5
70,0
70,0
70,0.5
70,-0.5
70,0
70,0
70,0.5
70,0
70,0
70,0
70,0
70,0
70,0
70,0
70,0
70,-0.5
70,0.5
70,0
70,-0.5
70,0.5
70,0
70,-0.5
70,0
70,0.5
70,0
70,-0.5
70,0
70,0.5
70,0
70,0
70,0
70,0
70,0
70,0
70,0
70,0
70,-0.5
70,0
70,0.5
70,0
70,0
70,-0.5
70,0.5
70,-0.5
70,0.5
70,0
70,0
70,0
70,0
70,0
70,0
70,-0.5
70,0.5
70,0
70,0
70,-0.5
70,0.5
70,0
70,0
70,0
70,0
70,0
70,0
70,-0.5
70,0.5
70,0
70,0
70,-0.5
70,0
70,0
70,0
70,0
70,0
70,0
70,0.5
70,-0.5
70,0.5
70,0
70,0
70,0
70,0
70,0
70,0
70,-0.5
70,0
70,0.5
70,0
70,0
70,0
70,0
70,0
70,0
70,0
70,0
70,0
70,0
70,0
70,0
70,0
70,0
70,0
70,0
70,0
71,-0.5
71,0.5
71,1
71,0
71,0.5
71,1
71,1
71,1
71,0
71,-1
71,0
71,1.5
71,0
71,-0.5
71,0.5
71,0
71,0
71,0
71,0
71,1
71,0
71,0
71,-0.5
71,0
71,0.5
71,0
71,0
71,-0.5
71,0
71,0.5
71,-0.5
71,0
71,0
71,0.5
71,0
71,0
71,0
71,-0.5
71,-0.5
71,1
71,0.5
71,0
71,0
71,0.5
71,0
71,0
71,0
71,0
71,0
71,0
71,0
71,0
71,0
71,0
71,-0.5
71,0
71,0.5
71,0
71,0
71,0
71,0
71,0
71,0
71,0
71,0
71,0
71,-0.5
71,0.5
71,0
71,0
71,0
71,0
71,0
71,0
71,0
71,0
71,0
71,0
71,0
71,-0.5
71,0.5
71,0
71,0
71,0
71,0
71,0
71,0
71,0
71,0
71,0
71,0
71,0
71,0
71,0
71,0
71,0
71,0
71,0
71,0
71,0
71,0
71,0
71,0
71,0
71,0
71,0
71,0
71,0
71,0
71,0
71,0
71,0
71,0
71,-0.5
71,0.5
71,0
71,-0.5
71,0.5
71,-0.5
71,0
71,0.5
71,-0.5
71,0
71,0
71,0.5
71,-0.5
71,0.5
71,0
71,0
71,0
71,-0.5
71,1
71,0
71,-1
71,0
71,0
71,1.5
71,0
71,-0.5
71,0
71,0
71,0.5
71,0
71,0
71,0
71,0
71,-0.5
71,0.5
71,0
71,0
71,0
71,0
71,0
71,0
71,0
71,0
71,-0.5
71,0.5
71,0
71,-0.5
71,0.5
71,0
71,0
71,-0.5
71,0.5
71,0
71,0
71,0
71,0
71,0
71,0
71,0
71,0
71,0
71,0
71,0
71,0
71,0
71,0
71,0
71,0
71,0
71,0
71,0
71,0
71,0
71,-0.5
71,0
71,0.5
71,0
71,0
71,0
71,0
71,0
71,-0.5
71,0
71,0.5
71,0
71,0
71,0
71,0
71,0
71,0
71,0
71,-0.5
71,0.5
71,0
71,0
71,0
71,-0.5
71,0.5
71,0
71,0
71,0
71,-0.5
71,0.5
71,-0.5
71,0.5
71,0
71,-0.5
71,0.5
71,0
71,0
71,0
71,0
71,0
71,-0.5
71,0.5
71,0
71,0
71,0
71,0
71,0
71,0
71,0
71,0
71,0
71,0
71,0
71,0
71,0
71,0
71,0
71,0
71,0
71,0
71,0
71,0
71,0
71,0
71,0
71,0
71,0
71,0
71,0
71,0
71,0
71,0
71,0
71,0
71,0
71,-0.5
71,0
71,0
71,0.5
71,0
71,0
71,0
71,0
71,0
71,0
71,-0.5
71,0.5
71,0
71,-0.5
71,0.5
71,0
71,-0.5
71,0.5
71,0
71,0
71,0
71,-0.5
71,0.5
71,0
71,0
71,0
71,0
72,0
72,0
72,0
72,0.5
72,0
72,0.5
72,-0.5
72,-0.5
72,-0.5
72,-1
72,0
72,-1
72,0
72,1.5
72,0
72,0
72,0
72,0
72,0
72,0
72,0
72,-0.5
72,0.5
72,-0.5
72,0
72,0
72,0
72,-1
72,2
72,0
72,0
72,0
72,0
72,0.5
72,0
72,0
72,0
72,0
72,0
72,0
72,0
72,0
72,0
72,0
72,0
72,0
72,0
72,0
72,0
72,0
72,0
72,0
72,0
72,0
72,0
72,0
72,0
72,0
72,0
72,0
72,0
72,0
72,0
72,0
72,0
72,0
72,0
72,0
72,0
72,0
72,0
72,0
72,0
72,0
72,-0.5
72,0.5
72,0
72,0
72,0
72,0
72,0
72,0
72,0
72,0
72,0
72,0
72,0
72,0
72,0
72,0
72,-0.5
72,0
72,0.5
72,0
72,0.5
72,0
72,0.5
72,0
72,0
72,0
72,0
72,0
72,0
72,0
72,0
72,-0.5
72,0
72,0
72,0.5
72,0
72,0
72,-0.5
72,0
72,0.5
72,0
72,0
72,0
72,-0.5
72,0.5
72,0
72,-0.5
72,0
72,0
72,0
72,0.5
72,0
72,0
72,0
72,0
72,0
72,0
72,0
72,-0.5
72,0.5
72,0
72,0
72,0
72,0
72,0
72,0
72,0
72,0
72,0
72,0
72,-0.5
72,0.5
72,-0.5
72,0
72,0.5
72,-0.5
72,0
72,0.5
72,0
72,0
72,0
72,0
72,0
72,0
72,-0.5
72,0
72,0
72,0.5
72,0
72,-0.5
72,0.5
72,0
72,-0.5
72,0
72,0.5
72,-0.5
72,0
72,0.5
72,0
72,0
72,0
72,0
72,0
72,0
72,0
72,-0.5
72,0.5
72,-0.5
72,0.5
72,0
72,-0.5
72,0
72,0.5
72,0
72,-0.5
72,0
72,0
72,0.5
72,-0.5
72,0.5
72,0
72,0
72,0
72,0
72,0
72,0
72,0
72,0
72,0
72,0
72,0
72,0
72,0
72,0
72,-0.5
72,0
72,0
72,0.5
72,0
72,-0.5
72,0
72,0
72,0
72,0
72,0.5
72,-0.5
72,0
72,0.5
72,0
72,0
72,0
72,0.5
72,0.5
72,0
72,0
72,0
72,0
72,-1.5
72,1
72,-1
72,0
72,0
72,0
72,0.5
72,0
72,0
72,0
72,-0.5
72,0
72,0
72,1.5
72,0
72,0
72,-1.5
72,0
72,0
72,-1
72,1.5
72,-0.5
72,-1
72,1
72,-1
72,0
72,0
72,0.5
72,0
72,-0.5
72,0.5
72,-0.5
72,0
72,1
72,0
72,0
72,-0.5
72,0.5
72,0
72,-1
72,0
72,0
72,-0.5
72,0
72,0
72,0
72,0
72,0
72,1
72,0
72,1.5
72,0
72,0
72,0
72,0.5
72,0
72,0
73,-1
73,-1.5
73,0
73,1
73,-1
73,0
73,0.5
73,0
73,0
73,0.5
73,-2.5
73,-0.5
73,-0.5
73,1
73,0.5
73,0
73,2
73,1.5
73,0.5
73,-0.5
73,0.5
73,0
73,0
73,-1.5
73,1
73,0
73,0.5
73,-0.5
73,0.5
73,-0.5
73,0
73,0
73,-1.5
73,-0.5
73,0
73,0
73,0
73,0
73,-1.5
73,1
73,0.5
73,0.5
73,0.5
73,0
73,0.5
73,0
73,0
73,0
73,0
73,0
73,0
73,0
73,0
73,0
73,-0.5
73,0.5
73,0
73,0
73,0
73,1
73,0
73,0
73,0
73,-0.5
73,0
73,0
73,0
73,0.5
73,0
73,0
73,0
73,0
73,0
73,0
73,0
73,0
73,0
73,0
73,0
73,0
73,0
73,0
73,0
73,0
73,0
73,0
73,0
73,0
73,-0.5
73,0
73,0.5
73,0
73,0
73,0
73,0
73,-0.5
73,0
73,0.5
73,0
73,0
73,0
73,-0.5
73,0
73,0
73,0
73,0.5
73,0
73,-0.5
73,0
73,0
73,0.5
73,0
73,0
73,1
73,0
73,0
73,0
73,0
73,0
73,0
73,0
73,0
73,0
73,0
73,0
73,0
73,0
73,0
73,0
73,0
73,-0.5
73,0
73,0.5
73,-0.5
73,0.5
73,-0.5
73,0
73,0.5
73,0
73,0
73,0
73,0
73,0
73,0
73,0
73,0
73,0
73,0
73,-0.5
73,0.5
73,-0.5
73,0
73,0
73,0.5
73,0
73,0
73,0
73,0
73,0
73,0
73,0
73,0
73,0
73,0
73,0
73,-0.5
73,0
73,0.5
73,0
73,0
73,0
73,-0.5
73,0.5
73,0
73,0
73,0
73,0
73,-0.5
73,0
73,0
73,0
73,0
73,0
73,0
73,0.5
73,-0.5
73,0.5
73,0
73,0
73,0
73,-0.5
73,0.5
73,0
73,-0.5
73,0.5
73,0
73,-0.5
73,0.5
73,0
73,0
73,-0.5
73,0.5
73,0
73,0
73,0
73,0
73,0
73,0
73,-0.5
73,0.5
73,0
73,0
73,0.5
73,0
73,0.5
73,0
73,-1.5
73,1.5
73,0
73,0
73,-0.5
73,0.5
73,0
73,0
73,-0.5
73,0
73,0
73,0
73,0.5
73,0
73,0
73,-0.5
73,0
73,0
73,0.5
73,0
73,-0.5
73,0
73,0
73,0.5
73,0
73,0
73,0
73,-0.5
73,0.5
73,0
73,0
73,-0.5
73,0.5
73,-0.5
73,0.5
73,0
73,-0.5
73,0
73,0.5
73,0
73,0
73,0
73,0
73,0
73,0
73,0
73,0
73,0
73,0
73,0
73,0
73,0
73,0
73,-0.5
73,0
73,0.5
73,-0.5
73,0
73,0.5
73,0
73,0
73,0
73,0
73,-0.5
73,0
73,0.5
73,0
73,-0.5
73,0
73,0
73,0.5
73,-0.5
74,-1
74,2.5
74,-2
74,0
74,0.5
74,1.5
74,-0.5
74,-1
74,0
74,0
74,1.5
74,0
74,0
74,0
74,0
74,0
74,0
74,-1.5
74,0
74,-1
74,0
74,-1.5
74,0.5
74,1.5
74,0
74,-0.5
74,0.5
74,0
74,0.5
74,0.5
74,-0.5
74,0.5
74,-0.5
74,-0.5
74,0
74,0
74,0
74,0
74,-0.5
74,0.5
74,-0.5
74,0
74,0
74,1.5
74,0
74,0
74,0
74,-0.5
74,0.5
74,0
74,0
74,0
74,0
74,0
74,0
74,0
74,0
74,0
74,0.5
74,0
74,0
74,0.5
74,0
74,0
74,0
74,0
74,0
74,0
74,0
74,0
74,-0.5
74,0
74,0
74,0.5
74,0
74,0
74,0
74,0
74,0
74,0
74,-0.5
74,0
74,0.5
74,0
74,0
74,0
74,0
74,-0.5
74,0.5
74,-0.5
74,0.5
74,-0.5
74,0
74,0
74,0.5
74,-0.5
74,0.5
74,0
74,0
74,0
74,0
74,0
74,0
74,0
74,0
74,0
74,0
74,0
74,0
74,0
74,0
74,0
74,0
74,-0.5
74,0
74,0
74,0.5
74,0
74,-0.5
74,0.5
74,0
74,0
74,-0.5
74,0
74,0.5
74,0
74,0
74,0
74,-0.5
74,0.5
74,-0.5
74,0.5
74,0
74,-0.5
74,0
74,0.5
74,0
74,-0.5
74,0
74,0
74,0
74,0
74,0
74,0.5
74,0
74,0
74,0
74,0
74,0
74,0
74,0
74,0
74,0
74,0
74,0
74,0
74,0
74,0
74,0
74,0
74,0
74,0
74,0
74,0
74,0
74,-0.5
74,0.5
74,-0.5
74,0.5
74,0
74,0
74,0
74,0
74,-0.5
74,0.5
74,0.5
74,0.5
74,0
74,0
74,0
74,0
74,0
74,0
74,0
74,0
74,0
74,0
74,0
74,0
74,0
74,0
74,-0.5
74,0.5
74,0
74,0
74,0
74,0
74,0
74,0
74,0
74,0
74,0
74,0
74,0
74,0
74,0
74,0
74,0
74,-0.5
74,0.5
74,0
74,0
74,0
74,0
74,0
74,-0.5
74,0.5
74,0
74,-0.5
74,0.5
74,0
74,-0.5
74,0
74,0.5
74,0
74,-0.5
74,0.5
74,0
74,0
74,0
74,0
74,0
74,0
74,0
74,0
74,0
74,0
74,0
74,0
74,0
74,0
74,0
74,0
74,-0.5
74,0
74,0
74,0.5
74,0
74,0
74,0
74,0
74,0
74,0
74,0
74,0
74,0
74,0
74,-0.5
74,0
74,0
74,0.5
74,0
74,-0.5
74,0.5
74,0
74,0
74,0
74,0
74,0
74,-0.5
74,0
74,0.5
74,0
74,0
74,0
74,0
74,0
74,0
74,0
74,0
74,0
74,0
74,0
74,-0.5
74,0.5
74,-0.5
74,0.5
74,-0.5
75,-0.5
75,-1.5
75,-0.5
75,-2
75,0
75,0
75,0
75,0
75,0.5
75,0.5
75,0
75,0
75,1
75,0
75,-1.5
75,-0.5
75,0
75,0
75,1
75,0
75,0
75,0
75,-0.5
75,0.5
75,0
75,0.5
75,0.5
75,0
75,0
75,0
75,0
75,0
75,0
75,0
75,0
75,0
75,0
75,0
75,0
75,0
75,0
75,0
75,0
75,0
75,0
75,0
75,0
75,0
75,0
75,0
75,0
75,0
75,-0.5
75,0.5
75,0
75,0
75,0
75,-0.5
75,0.5
75,0
75,1
75,0
75,0
75,0
75,0
75,0
75,0
75,0
75,0
75,0
75,0
75,-0.5
75,0.5
75,0
75,-0.5
75,0
75,0.5
75,0
75,0
75,0
75,0
75,-0.5
75,0.5
75,0
75,0
75,0
75,0
75,-0.5
75,0
75,0
75,0
75,0
75,0.5
75,-0.5
75,0.5
75,0
75,0
75,0
75,-0.5
75,0
75,0.5
75,0
75,-0.5
75,0.5
75,0
75,0
75,-0.5
75,0.5
75,0
75,0
75,0
75,-0.5
75,0.5
75,0
75,-0.5
75,0.5
75,-0.5
75,0.5
75,0
75,0
75,0
75,0
75,-0.5
75,0.5
75,0
75,0
75,0
75,0
75,0
75,-0.5
75,0.5
75,0
75,0
75,-0.5
75,0.5
75,0
75,0
75,-0.5
75,0
75,0
75,1.5
75,0
75,0
75,0
75,0
75,0
75,0
75,0
75,0
75,0
75,0
75,0
75,0
75,-0.5
75,0.5
75,0
75,0
75,-0.5
75,0
75,0
75,0.5
75,0.5
75,0.5
75,0
75,0
75,0
75,0
75,0
75,0
75,0
75,0
75,0
75,-0.5
75,-1
75,0.5
75,-1.5
75,0
75,0
75,0
75,1
75,-1.5
75,-0.5
75,0.5
75,-0.5
75,0
75,0
75,1
75,0.5
75,0
75,0
75,0.5
75,0
75,0.5
75,0
75,0
75,0
75,-0.5
75,0
75,0.5
75,0
75,-0.5
75,0.5
75,0
75,0
75,0
75,0
75,0
75,0
75,0
75,0
75,0
75,0
75,0
75,0
75,0
75,0
75,0
75,0
75,0
75,0
75,0
75,0
75,0
75,0
75,0
75,0
75,0.5
75,0.5
75,0
75,0
75,0
75,0
75,0
75,0
75,0
75,0
75,-0.5
75,0.5
75,0
75,0
75,-0.5
75,0
75,0.5
75,0
75,0
75,0
75,-0.5
75,0.5
75,0
75,0
75,0
75,0
75,-0.5
75,0
75,0.5
75,0
75,0
75,0
75,0
75,0
75,0
75,0
75,0
75,-0.5
75,0
75,0.5
75,-0.5
75,0
75,0
75,0
75,0
75,0
75,0
75,0
75,0.5
75,0
75,0
75,0
75,0
75,0
75,0
75,0
75,0
75,-0.5
75,0
75,0.5
75,0
75,0
76,0
76,0
76,0
76,0
76,1.5
76,0
76,1.5
76,0
76,-0.5
76,1
76,0
76,0
76,0.5
76,-0.5
76,0.5
76,-2
76,-1
76,-2
76,0
76,-0.5
76,0
76,-2
76,0
76,-1.5
76,0
76,0
76,0
76,-1
76,0
76,0
76,1
76,0
76,-0.5
76,0
76,0
76,1
76,-0.5
76,0.5
76,0
76,-1
76,0.5
76,-0.5
76,0
76,0
76,0
76,0.5
76,-0.5
76,1
76,-1
76,1.5
76,0
76,-0.5
76,0.5
76,0
76,-0.5
76,0
76,0
76,0
76,0
76,0.5
76,0
76,0
76,0
76,0
76,0
76,0
76,0
76,0
76,-0.5
76,0.5
76,0
76,0
76,0
76,0
76,0
76,0
76,-0.5
76,0
76,0
76,0
76,0.5
76,-0.5
76,0.5
76,-0.5
76,0.5
76,-0.5
76,0.5
76,-0.5
76,0.5
76,0
76,0
76,0
76,0.5
76,0.5
76,-0.5
76,0.5
76,0
76,0
76,0
76,0
76,0
76,0
76,0
76,0
76,0
76,0
76,0
76,0
76,0
76,0
76,0
76,0
76,0
76,0
76,0
76,0
76,-0.5
76,0.5
76,-0.5
76,0
76,0.5
76,-0.5
76,0.5
76,0
76,0
76,0
76,-0.5
76,0.5
76,-0.5
76,0.5
76,-0.5
76,0.5
76,-0.5
76,0
76,0
76,0
76,0.5
76,0
76,0
76,0
76,-0.5
76,0
76,0.5
76,-0.5
76,0.5
76,0
76,0
76,-0.5
76,0
76,0
76,0
76,0.5
76,0
76,0
76,0
76,-0.5
76,0
76,0.5
76,0
76,0
76,0
76,0
76,-0.5
76,0
76,0.5
76,0
76,0
76,0
76,0
76,0
76,0
76,0
76,0
76,0
76,-0.5
76,0.5
76,-0.5
76,0.5
76,0
76,0
76,0
76,0
76,0
76,0
76,0
76,0
76,0
76,-0.5
76,0
76,0.5
76,0
76,0
76,0
76,0
76,0
76,0
76,0
76,0
76,0
76,0
76,0
76,0
76,0
76,-0.5
76,0.5
76,0
76,0
76,0
76,0
76,0
76,0
76,0
76,0
76,0
76,0
76,0
76,0
76,0
76,0
76,0
76,0
76,0
76,0
76,-0.5
76,1
76,0.5
76,0
76,0
76,0
76,0
76,0
76,0
76,-0.5
76,0.5
76,0
76,0
76,0
76,0
76,0
76,0
76,0
76,0
76,0
76,0
76,0
76,0
76,0
76,0
76,0
76,-0.5
76,0.5
76,0
76,0
76,-0.5
76,0.5
76,0
76,0
76,0
76,0
76,0
76,0
76,0
76,0
76,0
76,0
76,0
76,0
76,-0.5
76,0
76,0
76,0
76,0
76,0.5
76,0
76,0
76,0
76,-0.5
76,0
76,0.5
76,0
76,0
76,0
76,0
76,0
76,0
76,0
76,0
76,0
77,0.5
77,0
77,0.5
77,1
77,0.5
77,0
77,-0.5
77,0
77,0.5
77,0.5
77,-2
77,0
77,0.5
77,0
77,0.5
77,1.5
77,0
77,0
77,0
77,0
77,0
77,0
77,0
77,0
77,-0.5
77,0
77,0
77,-1.5
77,0.5
77,-1
77,-0.5
77,-0.5
77,1
77,-0.5
77,0
77,0
77,0.5
77,0
77,0.5
77,-0.5
77,0.5
77,0.5
77,1.5
77,-0.5
77,0.5
77,0
77,0.5
77,1
77,0.5
77,0
77,0.5
77,0
77,-1
77,0.5
77,0.5
77,0
77,0
77,0
77,0
77,0
77,0.5
77,-0.5
77,0
77,0.5
77,0
77,0
77,0
77,0
77,-0.5
77,0
77,0
77,0.5
77,0
77,0
77,0
77,0
77,-0.5
77,0.5
77,0
77,0
77,0
77,0
77,-0.5
77,0
77,0
77,0
77,0
77,0.5
77,0
77,0
77,0
77,0
77,0
77,0
77,0
77,0
77,0
77,0
77,0
77,0
77,0
77,0
77,0
77,0
77,0
77,0
77,0
77,0
77,0
77,0.5
77,0
77,0
77,0.5
77,0
77,0
77,0
77,0
77,-0.5
77,-1
77,0
77,0
77,0
77,0.5
77,0
77,-0.5
77,0
77,1
77,0
77,0.5
77,-0.5
77,0.5
77,-0.5
77,0
77,-1
77,0.5
77,0
77,0.5
77,0
77,0.5
77,0
77,0
77,0
77,-1
77,0.5
77,-1
77,1.5
77,0
77,0
77,0
77,0
77,0
77,0
77,0
77,0
77,0
77,0
77,0
77,0
77,0
77,0
77,0
77,0
77,0
77,0
77,-0.5
77,0
77,0.5
77,0
77,0
77,-0.5
77,0.5
77,0
77,0
77,-0.5
77,0.5
77,-0.5
77,0.5
77,0
77,-0.5
77,0
77,0
77,0
77,0.5
77,0
77,-0.5
77,0.5
77,0
77,-0.5
77,0.5
77,0
77,0
77,0
77,0
77,0
77,0
77,0
77,0
77,0
77,-0.5
77,0.5
77,0
77,0
77,-0.5
77,0.5
77,0
77,0
77,0
77,0
77,0
77,0
77,0
77,0
77,0
77,0
77,0
77,0
77,0
77,0
77,0
77,0
77,0
77,0
77,0
77,0
77,0
77,0
77,-0.5
77,0
77,0
77,0.5
77,-0.5
77,0
77,0.5
77,0
77,0
77,0
77,0
77,-0.5
77,0.5
77,0
77,0
77,0
77,-0.5
77,0
77,0.5
77,0
77,0
77,0
77,-0.5
77,0
77,0.5
77,0
77,0
77,0
77,0
77,0
77,-0.5
77,0.5
77,0
77,0
77,0
77,0
77,0
77,0
77,-0.5
77,0
77,0.5
77,0
77,-0.5
77,0
77,0
77,0
77,0
77,0
77,0
77,0.5
77,0
77,-0.5
77,0
77,0
77,0
77,0.5
77,0
77,0
77,-0.5
77,0.5
77,0
77,0
78,-1
78,1.5
78,0.5
78,0
78,0.5
78,0.5
78,0.5
78,0
78,0
78,0
78,-0.5
78,0
78,0
78,-1
78,-1.5
78,0
78,-0.5
78,1
78,0.5
78,0.5
78,0
78,-2
78,0.5
78,-0.5
78,1
78,1
78,-1
78,1
78,0
78,0
78,-1
78,0
78,1.5
78,0
78,0.5
78,0.5
78,-0.5
78,0.5
78,0
78,0
78,0
78,0
78,0
78,0.5
78,0
78,0.5
78,-1.5
78,1
78,0.5
78,0
78,0
78,0
78,0
78,0
78,0
78,0
78,0
78,0
78,0
78,0
78,0
78,-0.5
78,0.5
78,0
78,0
78,0
78,0
78,0
78,0
78,0
78,0
78,-0.5
78,0
78,0.5
78,0
78,0
78,0
78,-0.5
78,0
78,1.5
78,0
78,0
78,-0.5
78,0
78,0.5
78,-1.5
78,0
78,0
78,0
78,-1
78,1.5
78,0
78,0
78,1
78,-0.5
78,0.5
78,-1.5
78,-1
78,0
78,-0.5
78,0
78,0.5
78,-0.5
78,1
78,-0.5
78,0
78,0.5
78,0
78,-0.5
78,0.5
78,-0.5
78,0
78,1
78,0.5
78,-1.5
78,0
78,0.5
78,0
78,0.5
78,0
78,-1
78,0
78,0
78,1.5
78,0
78,0
78,0
78,-0.5
78,0
78,0
78,0
78,0
78,0.5
78,0
78,-0.5
78,0.5
78,0
78,0
78,0
78,0
78,0
78,0
78,0
78,-0.5
78,0
78,0.5
78,0
78,0
78,0
78,0
78,-0.5
78,0
78,0
78,0
78,0.5
78,0
78,-0.5
78,0.5
78,-0.5
78,0
78,0
78,0
78,0.5
78,0
78,0
78,-0.5
78,0
78,0
78,0
78,0.5
78,0
78,1
78,-0.5
78,0.5
78,0
78,0
78,0
78,0
78,0
78,0
78,0
78,-0.5
78,0.5
78,0
78,0
78,0
78,0
78,0
78,0
78,0
78,0
78,0
78,0
78,0
78,0
78,0
78,0
78,-0.5
78,0.5
78,-0.5
78,0.5
78,0
78,0
78,0
78,-0.5
78,0.5
78,0
78,0
78,0
78,0
78,0
78,0
78,0
78,0
78,0
78,0
78,0
78,0
78,0
78,0
78,0
78,0
78,0
78,-0.5
78,0.5
78,0
78,-0.5
78,0
78,0
78,0.5
78,0
78,0
78,0
78,0
78,0
78,0
78,-0.5
78,0.5
78,0
78,0
78,0
78,0
78,-0.5
78,0.5
78,0
78,-0.5
78,0
78,0
78,0.5
78,0
78,0
78,0
78,-0.5
78,0.5
78,0
78,0
78,0
78,0
78,0
78,0
78,0
78,0
78,0
78,0
78,0
78,0
78,0
78,0
78,0
78,0
78,0
78,0
78,0
78,0
78,0
78,0
78,0
78,0
78,0
78,0
78,-0.5
78,0.5
78,0
78,0
78,0
78,-0.5
78,0.5
78,0
79,-3
79,-1.5
79,3.5
79,0.5
79,0
79,-2
79,0
79,-3.5
79,-2
79,0.5
79,0
79,1
79,0
79,0
79,1
79,1
79,0
79,0
79,0
79,0
79,0
79,0
79,0
79,0.5
79,0.5
79,0
79,0
79,-1
79,1.5
79,1
79,0
79,2
79,0.5
79,-0.5
79,0
79,1.5
79,0
79,0
79,-0.5
79,0
79,-1
79,0
79,0.5
79,-0.5
79,0
79,-1
79,-1
79,1
79,-1
79,0
79,-1
79,-1.5
79,0
79,-1
79,0.5
79,-1
79,0
79,0.5
79,1.5
79,0.5
79,0
79,0.5
79,0
79,2
79,1
79,0
79,0
79,0.5
79,0
79,-0.5
79,0.5
79,0.5
79,-2
79,0.5
79,0
79,-0.5
79,-1
79,0
79,-1
79,0
79,1.5
79,2
79,0.5
79,0.5
79,0
79,0
79,0
79,0
79,0
79,0.5
79,0.5
79,0
79,0
79,0
79,0
79,0
79,0
79,-0.5
79,0
79,-1
79,0
79,1
79,-1
79,0
79,-0.5
79,0
79,0.5
79,0
79,1
79,-2
79,1
79,0
79,-2
79,-1.5
79,0.5
79,0
79,0
79,1.5
79,0
79,0
79,1
79,0
79,0
79,0.5
79,0.5
79,0
79,0.5
79,0.5
79,1
79,0
79,0
79,1
79,-0.5
79,0.5
79,0
79,0
79,0
79,0
79,0
79,0
79,0
79,0
79,0
79,-0.5
79,0
79,0.5
79,-0.5
79,0.5
79,0
79,0
79,0
79,0
79,0
79,-0.5
79,0
79,0
79,0.5
79,0
79,-0.5
79,0.5
79,0
79,-0.5
79,0
79,0
79,0.5
79,0
79,0
79,0
79,0
79,0
79,0
79,0
79,0
79,0
79,0
79,0
79,0
79,0
79,0
79,0
79,0
79,0
79,0
79,0
79,0
79,0
79,0
79,0
79,0
79,0
79,0
79,0
79,0
79,0
79,0
79,0
79,0
79,-0.5
79,0
79,0
79,0.5
79,-0.5
79,0
79,0.5
79,0
79,0
79,0
79,0
79,-0.5
79,1
79,0.5
79,-0.5
79,0.5
79,0
79,0
79,0
79,0
79,-0.5
79,0
79,0
79,0.5
79,-0.5
79,-1.5
79,1
79,0.5
79,-1.5
79,1
79,0.5
79,0.5
79,-0.5
79,0
79,0
79,0.5
79,0
79,-1
79,-0.5
79,1.5
79,0
79,0
79,0
79,0
79,0
79,0
79,0
79,0
79,0
79,0
79,0
79,0
79,0
79,0
79,-0.5
79,0
79,0.5
79,0
79,0
79,0
79,0
79,0
79,0
79,-0.5
79,0
79,0.5
79,0
79,0
79,-0.5
79,0.5
79,0
79,0
79,0
79,0
79,-0.5
79,0.5
79,-0.5
79,0.5
79,0
79,0
79,0
79,0
79,0
79,0
79,0
79,-0.5
79,0
79,0.5
79,0
79,0
79,0
80,0
80,0.5
80,1
80,-1.5
80,1
80,0.5
80,0
80,0
80,0
80,0
80,1
80,0
80,-0.5
80,1
80,1.5
80,1
80,0
80,0.5
80,0
80,0.5
80,-0.5
80,0.5
80,0
80,-0.5
80,0.5
80,0
80,-0.5
80,0.5
80,0
80,0
80,0
80,0
80,0
80,0
80,0
80,0
80,0
80,0
80,0
80,0
80,0
80,0
80,0
80,0
80,0
80,0.5
80,0.5
80,-0.5
80,0.5
80,0
80,0
80,0
80,0
80,0
80,0
80,0
80,0
80,-0.5
80,0
80,0.5
80,0
80,0
80,0
80,0
80,0
80,0
80,0
80,0
80,0
80,0
80,0
80,0
80,0
80,0
80,0
80,0
80,0
80,0
80,0
80,0
80,0
80,0
80,0
80,0
80,0
80,0
80,0
80,0
80,0
80,0
80,0
80,0
80,0
80,0
80,1
80,-0.5
80,0
80,0
80,0.5
80,-0.5
80,0
80,0
80,0
80,0.5
80,0
80,0
80,0
80,-0.5
80,0
80,0.5
80,0
80,0
80,-0.5
80,0.5
80,-0.5
80,0.5
80,0
80,-1
80,0
80,0
80,0
80,0
80,0.5
80,0.5
80,0
80,-0.5
80,0
80,0
80,0
80,0
80,0.5
80,-0.5
80,0.5
80,-0.5
80,0.5
80,0
80,0
80,-0.5
80,0
80,0.5
80,-0.5
80,0
80,0.5
80,0
80,0
80,0
80,-0.5
80,0
80,0
80,0
80,0.5
80,0
80,0
80,0
80,0
80,0
80,0
80,0
80,-0.5
80,0.5
80,0
80,0
80,0
80,0
80,0
80,0
80,0
80,-0.5
80,0.5
80,0
80,0
80,0
80,-0.5
80,0.5
80,0
80,-0.5
80,0.5
80,0
80,-0.5
80,0
80,0
80,0
80,0.5
80,0
80,0
80,-0.5
80,0.5
80,0
80,-0.5
80,0
80,0
80,0.5
80,0
80,0
80,-0.5
80,0
80,0.5
80,0
80,0
80,0
80,0
80,0
80,0
80,0
80,0
80,0
80,0
80,0
80,0
80,0
80,0
80,0
80,-0.5
80,0
80,0
80,0.5
80,0
80,-0.5
80,0
80,0.5
80,0
80,0
80,0
80,0
80,0
80,0
80,0
80,0
80,0
80,0
80,0
80,0
80,0
80,0
80,0
80,0
80,0
80,0
80,0
80,0
80,0
80,-0.5
80,0
80,0
80,0.5
80,0
80,0
80,0
80,0
80,0
80,-0.5
80,0
80,0.5
80,0
80,-0.5
80,0.5
80,0
80,0
80,-0.5
80,0.5
80,0
80,0
80,0
80,0
80,0
80,0
80,-0.5
80,0
80,0
80,0.5
80,0
80,-0.5
80,0.5
80,0
80,0
80,0
80,0
80,-0.5
80,0.5
80,0
80,0
80,0
80,0
80,0
80,0
80,-0.5
80,0.5
80,0
